COMP;CO_IBGE;CNES;CO_TIPO_UNIDADE;MOTIVO_DESABILITACAO;LEITOS_EXISTENTES;LEITOS_SUS;UTI_TOTAL_EXIST;UTI_TOTAL_SUS
202601;410020;0013102;15;;3;3;0;0
202601;410045;2733528;05;;19;19;0;0
202601;410050;2781700;05;;39;39;0;0
202601;410060;2753995;05;;20;19;0;0
202601;410080;2729393;05;;16;16;0;0
202601;410090;2753820;05;;14;14;0;0
202601;410100;5621674;05;;35;34;0;0
202601;410110;2582554;05;;62;57;0;0
202601;410120;2680971;05;;32;32;0;0
202601;410130;2537044;15;;2;2;0;0
202601;410140;2439263;05;;125;69;12;12
202601;410140;2439360;05;;186;152;30;28
202601;410140;4820150;05;;50;50;0;0
202601;410150;2576198;05;;106;81;16;5
202601;410150;2576341;05;;423;371;104;75
202601;410150;5911354;05;;55;49;0;0
202601;410160;2687011;05;;44;44;0;0
202601;410170;0109258;05;;23;23;0;0
202601;410180;5995280;05;;83;83;18;18
202601;410190;2577283;05;;38;38;0;0
202601;410190;2582538;05;;11;0;0;0
202601;410200;4051165;05;;62;61;10;10
202601;410200;4051181;05;;27;19;0;0
202601;410210;2733579;05;;102;94;0;0
202601;410240;2577410;05;;92;81;12;10
202601;410240;2577429;05;;37;0;0;0
202601;410250;3587010;05;;1;1;0;0
202601;410280;2729547;05;;17;17;0;0
202601;410290;2549263;05;;43;43;0;0
202601;410305;6326269;05;;16;16;0;0
202601;410310;2681498;05;;9;9;0;0
202601;410320;2571714;05;;29;29;0;0
202601;410330;2573423;05;;27;27;0;0
202601;410345;4068106;05;;33;33;0;0
202601;410360;3134563;05;;24;24;0;0
202601;410360;4051513;05;;61;55;0;0
202601;410370;2729539;05;;37;10;0;0
202601;410370;2730650;05;;101;84;10;10
202601;410390;2733285;05;;36;28;0;0
202601;410400;0013633;05;;582;466;163;86
202601;410420;0013838;05;;172;145;46;28
202601;410420;0013846;05;;890;838;386;365
202601;410420;0014001;07;;48;48;0;0
202601;410420;5603145;05;;158;141;80;75
202601;410420;6426204;05;;120;120;40;40
202601;410430;0014109;05;;156;143;32;28
202601;410430;0014125;05;;105;71;20;10
202601;410430;9578986;05;;28;0;0;0
202601;410440;2587785;05;;31;31;0;0
202601;410442;2742020;05;;41;39;0;0
202601;410450;2586061;05;;39;29;0;0
202601;410460;2571811;05;;35;33;0;0
202601;410470;2877112;05;;50;50;0;0
202601;410480;2737078;15;;1;1;0;0
202601;410480;2737434;07;;137;114;6;5
202601;410480;2738090;07;;3;2;0;0
202601;410480;2738309;05;;217;114;40;17
202601;410480;2738368;05;;374;368;61;55
202601;410480;2738384;07;;5;2;0;0
202601;410480;2738899;05;;133;0;29;0
202601;410480;2740338;07;;137;91;10;8
202601;410480;3014509;05;;60;0;6;0
202601;410480;3165019;05;;29;0;0;0
202601;410480;3196488;07;;15;0;0;0
202601;410480;3196712;07;;5;0;0;0
202601;410480;3677214;07;;10;0;0;0
202601;410480;3751678;15;;1;1;0;0
202601;410480;7611986;07;;5;0;0;0
202601;410480;7807252;05;;6;0;0;0
202601;410480;9232966;07;;5;5;0;0
202601;410480;9543767;05;;60;60;10;10
202601;410490;2683210;05;;156;119;10;9
202601;410510;2729466;05;;25;25;0;0
202601;410520;2767678;05;;17;17;0;0
202601;410530;2572192;05;;46;33;0;0
202601;410540;7039344;05;;87;80;10;10
202601;410550;2733676;05;;70;48;10;8
202601;410550;2735989;05;;101;82;10;8
202601;410560;2733188;05;;23;23;0;0
202601;410570;2738120;05;;54;47;0;0
202601;410580;0907367;05;;1;0;0;0
202601;410580;2753332;07;;40;37;0;0
202601;410580;4419782;07;;2;2;0;0
202601;410590;2733307;05;;121;95;20;15
202601;410600;2582430;15;;1;1;0;0
202601;410610;2781727;05;;20;20;0;0
202601;410620;0015180;05;;16;16;0;0
202601;410630;2738279;05;;34;33;0;0
202601;410640;2577380;05;;64;60;10;10
202601;410640;2582449;05;;146;104;23;14
202601;410640;4369831;05;;82;44;20;0
202601;410640;6355099;05;;36;0;5;0
202601;410650;2595125;05;;51;51;0;0
202601;410660;2737531;05;;32;32;0;0
202601;410670;2753812;05;;11;11;0;0
202601;410680;2549328;05;;37;37;0;0
202601;410690;0015245;05;;493;440;93;82
202601;410690;0015318;05;;264;11;61;3
202601;410690;0015334;05;;488;367;78;48
202601;410690;0015369;05;;334;324;70;60
202601;410690;0015407;05;;206;206;29;29
202601;410690;0015415;05;;42;42;0;0
202601;410690;0015423;05;;162;60;28;14
202601;410690;0015563;07;;361;230;68;46
202601;410690;0015601;05;;50;50;0;0
202601;410690;0015636;07;;31;31;0;0
202601;410690;0015644;07;;250;180;31;24
202601;410690;0015660;05;;4;0;0;0
202601;410690;0015717;07;;64;0;10;0
202601;410690;0015806;07;;125;0;0;0
202601;410690;0015962;05;;58;0;8;0
202601;410690;0016209;07;;11;4;0;0
202601;410690;0016365;07;;335;110;0;0
202601;410690;0016462;05;;41;41;0;0
202601;410690;2384272;07;;40;19;0;0
202601;410690;2384299;05;;452;452;62;62
202601;410690;2715864;05;;149;139;20;10
202601;410690;3000850;05;;104;0;36;0
202601;410690;3000869;05;;148;0;60;0
202601;410690;3000877;07;;48;0;7;0
202601;410690;3000885;05;;129;0;1;0
202601;410690;3000907;07;;108;0;16;0
202601;410690;3005585;05;;26;0;7;0
202601;410690;3005593;05;;93;0;0;0
202601;410690;3012042;07;;4;0;0;0
202601;410690;3021238;05;;49;0;0;0
202601;410690;3033910;07;;21;0;0;0
202601;410690;3046524;07;;1;0;0;0
202601;410690;3059200;07;;85;0;0;0
202601;410690;3063216;05;;40;0;10;0
202601;410690;3068870;05;;75;0;0;0
202601;410690;3075516;05;;131;66;22;8
202601;410690;3087727;07;;3;0;0;0
202601;410690;3117626;05;;29;0;0;0
202601;410690;3140156;07;;9;0;0;0
202601;410690;3160408;05;;86;0;31;0
202601;410690;3199371;07;;10;0;0;0
202601;410690;3371980;05;;90;0;35;0
202601;410690;3971465;05;;36;0;10;0
202601;410690;4259181;07;;4;0;0;0
202601;410690;4650107;05;;7;0;0;0
202601;410690;5064554;05;;13;0;0;0
202601;410690;5247993;05;;10;0;0;0
202601;410690;5310350;05;;55;33;4;0
202601;410690;6388671;05;;197;173;30;30
202601;410690;6593267;05;;16;0;0;0
202601;410690;6878318;05;;188;4;60;0
202601;410690;7180799;05;;14;0;0;0
202601;410690;7413432;05;;54;49;0;0
202601;410690;7457081;05;;16;0;0;0
202601;410690;8044325;05;;24;22;2;0
202601;410690;9084940;07;;12;12;0;0
202601;410690;9356312;05;;18;0;0;0
202601;410690;9571493;05;;45;0;0;0
202601;410690;9582800;05;;89;0;10;0
202601;410690;9907939;05;;79;69;0;0
202601;410700;3024628;05;;19;16;0;0
202601;410710;2753871;05;;19;19;0;0
202601;410720;5232511;05;;60;50;0;0
202601;410750;2735962;05;;38;34;0;0
202601;410753;4052536;05;;10;8;0;0
202601;410760;0887854;05;;30;30;0;0
202601;410765;0017574;05;;84;84;0;0
202601;410775;4052617;05;;31;31;0;0
202601;410790;2733196;05;;24;24;0;0
202601;410800;2729490;05;;22;22;0;0
202601;410820;2572370;05;;45;44;0;0
202601;410830;2591049;05;;209;126;44;21
202601;410830;2593912;05;;139;0;8;0
202601;410830;2673800;05;;41;0;7;0
202601;410830;4388380;05;;60;60;0;0
202601;410830;5061989;05;;218;218;40;40
202601;410840;2666723;05;;68;0;4;0
202601;410840;2666731;05;;84;60;10;10
202601;410840;4924614;05;;96;76;10;0
202601;410840;5373190;05;;36;34;6;6
202601;410840;6424341;05;;155;149;34;30
202601;410840;9164359;07;;2;1;0;0
202601;410840;9736654;07;;2;1;0;0
202601;410855;2588404;05;;10;10;0;0
202601;410860;2733609;05;;40;0;0;0
202601;410860;2735970;05;;72;65;10;10
202601;410870;2573318;05;;26;26;0;0
202601;410880;2810123;05;;59;49;0;0
202601;410890;2753839;05;;16;16;0;0
202601;410900;2921456;15;;4;4;0;0
202601;410930;2572443;05;;48;47;0;0
202601;410940;0213845;05;;147;137;10;0
202601;410940;2741989;05;;220;140;44;37
202601;410940;2742047;05;;168;144;20;19
202601;410940;3139301;05;;20;12;0;0
202601;410940;3403416;05;;8;0;0;0
202601;410950;6732100;05;;14;14;0;0
202601;410960;2680807;05;;33;33;0;0
202601;410970;4053214;05;;51;51;0;0
202601;410975;2571978;05;;31;31;0;0
202601;410980;2729385;05;;103;68;0;0
202601;410980;2729504;05;;24;0;0;0
202601;411030;2753898;05;;11;11;0;0
202601;411040;2733145;05;;16;16;0;0
202601;411060;2738171;05;;31;31;0;0
202601;411070;2517523;05;;9;0;0;0
202601;411070;2783789;05;;171;133;22;20
202601;411070;6473687;05;;14;0;0;0
202601;411070;9363580;05;;37;9;0;0
202601;411080;2733560;05;;20;20;0;0
202601;411095;2582627;05;;25;25;0;0
202601;411100;2582058;05;;21;21;0;0
202601;411125;4064607;05;;37;37;0;0
202601;411130;2753847;05;;17;17;0;0
202601;411140;2687089;05;;21;21;0;0
202601;411150;0163864;05;;70;60;10;0
202601;411150;2590182;05;;85;66;14;9
202601;411150;2590727;05;;92;61;27;21
202601;411155;5795079;15;;1;1;0;0
202601;411170;2781743;05;;18;18;0;0
202601;411180;2783800;05;;84;62;10;9
202601;411190;2729407;05;;29;29;0;0
202601;411200;2687038;05;;71;71;0;0
202601;411210;2573504;07;;296;296;0;0
202601;411210;5240085;05;;67;56;0;0
202601;411240;2733617;05;;19;16;0;0
202601;411250;2587777;05;;23;23;0;0
202601;411275;2781751;05;;31;30;0;0
202601;411280;2781719;05;;31;26;0;0
202601;411290;2781794;15;;14;14;0;0
202601;411300;2733463;05;;18;18;0;0
202601;411310;2573415;05;;23;23;0;0
202601;411320;0017663;05;;94;94;0;0
202601;411320;0025399;07;;20;18;0;0
202601;411330;2741873;05;;64;54;10;10
202601;411330;2742071;05;;65;58;0;0
202601;411345;2572257;05;;20;20;0;0
202601;411350;0684570;05;;2;0;0;0
202601;411350;2753545;05;;58;35;0;0
202601;411350;2753774;05;;31;31;0;0
202601;411350;2753987;07;;51;51;0;0
202601;411370;2550792;05;;439;204;56;22
202601;411370;2577623;07;;191;137;32;17
202601;411370;2577704;05;;80;0;0;0
202601;411370;2577755;07;;24;0;0;0
202601;411370;2577763;05;;115;105;0;0
202601;411370;2578409;07;;65;65;0;0
202601;411370;2578425;05;;4;0;0;0
202601;411370;2578468;07;;220;206;0;0
202601;411370;2578506;07;;12;8;0;0
202601;411370;2578670;05;;101;101;0;0
202601;411370;2579391;07;;50;50;0;0
202601;411370;2579561;05;;6;0;0;0
202601;411370;2580055;05;;324;178;67;43
202601;411370;2781859;05;;447;430;84;73
202601;411370;3114872;05;;8;0;0;0
202601;411370;3235777;05;;3;0;0;0
202601;411370;3518094;05;;6;0;0;0
202601;411370;3599426;07;;10;8;0;0
202601;411370;4835220;05;;103;0;30;0
202601;411370;5301424;05;;19;0;0;0
202601;411370;6074502;05;;82;0;2;0
202601;411370;6528104;07;;13;0;0;0
202601;411370;7758391;05;;55;0;3;0
202601;411375;2590166;05;;21;19;0;0
202601;411380;2729415;05;;16;16;0;0
202601;411390;2554011;05;;39;33;0;0
202601;411400;0869899;07;;4;4;0;0
202601;411400;2733331;05;;10;10;0;0
202601;411420;7250401;05;;54;47;0;0
202601;411420;9745106;05;;26;0;0;0
202601;411430;0017779;05;;50;50;0;0
202601;411440;2595265;05;;59;51;0;0
202601;411450;2588242;05;;33;33;0;0
202601;411460;4053907;05;;59;0;0;0
202601;411460;4582144;05;;26;0;0;0
202601;411460;7117485;05;;23;23;0;0
202601;411470;4442180;15;;1;1;0;0
202601;411500;2753928;05;;23;23;0;0
202601;411510;8025894;15;;2;2;0;0
202601;411520;0035149;07;;60;0;0;0
202601;411520;2586142;05;;88;67;17;10
202601;411520;2586169;05;;100;71;6;6
202601;411520;2586444;05;;72;1;7;0
202601;411520;2587165;05;;140;0;30;0
202601;411520;2587335;05;;204;182;44;32
202601;411520;2587343;05;;51;0;5;0
202601;411520;2594714;05;;302;182;64;34
202601;411520;2743469;05;;125;125;34;34
202601;411520;2743477;05;;125;103;13;10
202601;411520;2962403;07;;116;60;10;6
202601;411520;2972344;05;;62;0;8;0
202601;411520;4469453;05;;11;0;0;0
202601;411520;4936515;05;;21;0;0;0
202601;411520;6030750;07;;14;1;0;0
202601;411520;6466265;07;;8;4;0;0
202601;411520;7264593;15;;70;0;0;0
202601;411520;7898630;15;;14;0;0;0
202601;411520;8072515;05;;58;50;8;0
202601;411520;9365230;05;;176;0;39;0
202601;411550;2572265;05;;21;21;0;0
202601;411560;2588188;05;;48;43;0;0
202601;411570;2557207;05;;10;10;0;0
202601;411580;2582716;05;;104;60;10;3
202601;411580;4792483;05;;44;36;0;0
202601;411600;2729474;05;;10;10;0;0
202601;411605;2575957;05;;43;38;0;0
202601;411620;2687119;05;;18;18;0;0
202601;411670;2573172;05;;38;34;0;0
202601;411680;2733358;05;;21;21;0;0
202601;411690;2774216;05;;40;40;0;0
202601;411695;2587645;05;;13;13;0;0
202601;411700;2568926;05;;16;14;0;0
202601;411710;3452263;05;;34;32;0;0
202601;411720;2738228;05;;8;8;0;0
202601;411722;2810018;05;;19;12;0;0
202601;411727;2587823;05;;50;50;0;0
202601;411750;2781832;05;;26;26;0;0
202601;411760;2738287;05;;101;100;10;10
202601;411770;2686929;05;;42;35;0;0
202601;411790;2810069;05;;20;0;0;0
202601;411790;4054695;05;;60;60;10;10
202601;411820;2687127;05;;141;116;35;10
202601;411820;3227561;05;;11;0;0;0
202601;411820;3560430;05;;21;0;0;0
202601;411820;4607252;05;;14;0;0;0
202601;411820;5248043;05;;49;0;0;0
202601;411830;2753855;20;;6;6;0;0
202601;411840;2753685;05;;5;3;0;0
202601;411840;2754002;05;;27;0;0;0
202601;411840;2754738;05;;212;172;32;30
202601;411845;2810026;05;;20;20;0;0
202601;411850;0017868;05;;154;108;23;20
202601;411850;0017884;05;;135;104;20;20
202601;411850;5069149;05;;12;0;0;0
202601;411850;7759967;20;;14;0;0;0
202601;411890;2738198;05;;21;21;0;0
202601;411910;0935662;05;;64;61;0;0
202601;411915;0018090;05;;42;37;0;0
202601;411915;0018260;07;;160;160;0;0
202601;411915;0018333;05;;103;73;20;0
202601;411920;4054954;05;;27;27;0;0
202601;411930;4671082;05;;82;0;0;0
202601;411940;2687046;05;;18;18;0;0
202601;411950;0018368;05;;84;84;0;0
202601;411950;0018384;07;;400;400;0;0
202601;411950;6940943;07;;60;0;0;0
202601;411950;7707924;07;;100;0;0;0
202601;411950;9040609;07;;60;0;0;0
202601;411960;2742098;05;;95;82;0;0
202601;411970;2753782;05;;12;12;0;0
202601;411980;2584832;05;;43;36;0;0
202601;411990;2686791;05;;153;92;20;12
202601;411990;2686945;05;;106;94;0;0
202601;411990;2686953;05;;175;114;31;22
202601;411990;3658287;05;;49;3;10;0
202601;411990;5833418;05;;127;0;38;0
202601;411990;6542638;05;;339;326;49;36
202601;412000;2729423;05;;40;31;0;0
202601;412020;2753952;05;;10;10;0;0
202601;412033;2729482;05;;20;20;0;0
202601;412035;2584573;05;;40;40;0;0
202601;412050;2729431;05;;10;10;0;0
202601;412060;2742012;05;;67;60;0;0
202601;412060;2743388;05;;78;65;10;0
202601;412070;4055470;05;;28;26;0;0
202601;412085;4611713;15;;1;1;0;0
202601;412090;2572818;05;;47;47;0;0
202601;412100;2753960;05;;28;27;0;0
202601;412120;2817667;05;;25;24;0;0
202601;412130;2577534;15;;16;16;0;0
202601;412140;4935225;05;;28;28;0;0
202601;412150;2554097;05;;56;52;0;0
202601;412180;4055683;05;;54;51;0;0
202601;412190;2582465;05;;51;51;0;0
202601;412200;2554429;05;;56;53;0;0
202601;412220;0018600;05;;37;37;0;0
202601;412230;0018694;05;;38;28;0;0
202601;412240;2727250;07;;157;157;0;0
202601;412240;4055748;05;;78;78;0;0
202601;412240;5539900;05;;10;0;0;0
202601;412250;7070179;05;;32;32;0;0
202601;412260;2733315;05;;32;28;0;0
202601;412265;4075080;05;;20;20;0;0
202601;412290;2781778;05;;16;16;0;0
202601;412350;0854646;05;;25;25;0;0
202601;412350;4805011;05;;25;25;0;0
202601;412370;2753766;05;;27;19;0;0
202601;412380;2583712;05;;50;50;0;0
202601;412390;7278608;05;;40;40;0;0
202601;412400;2781786;05;;20;20;0;0
202601;412410;2781816;05;;93;70;0;0
202601;412410;3316300;05;;92;92;20;20
202601;412420;2753863;05;;10;10;0;0
202601;412430;2568586;15;;10;10;0;0
202601;412440;2585057;05;;29;24;0;0
202601;412460;2753944;05;;20;20;0;0
202601;412470;2577496;05;;20;20;0;0
202601;412490;2753936;05;;17;17;0;0
202601;412500;5412293;05;;22;22;0;0
202601;412510;2686813;05;;25;25;0;0
202601;412535;2665352;05;;24;24;0;0
202601;412540;2781824;05;;18;18;0;0
202601;412545;4056264;05;;22;19;0;0
202601;412550;2753278;05;;135;135;20;20
202601;412550;3073300;05;;64;0;0;0
202601;412560;2549751;05;;50;38;0;0
202601;412570;0462799;05;;160;125;20;0
202601;412570;6657885;05;;30;30;0;0
202601;412580;2573466;05;;26;24;0;0
202601;412600;2577240;15;;8;8;0;0
202601;412620;2582597;05;;31;31;0;0
202601;412625;2825589;05;;221;159;52;40
202601;412640;2577445;05;;23;23;0;0
202601;412650;2729563;05;;16;16;0;0
202601;412660;2783797;05;;54;35;0;0
202601;412667;2729520;05;;16;16;0;0
202601;412670;2753901;05;;15;15;0;0
202601;412700;2557185;05;;5;5;0;0
202601;412710;2740435;05;;154;108;12;10
202601;412710;7442157;05;;110;100;10;0
202601;412710;9760318;05;;54;16;10;0
202601;412720;2334755;05;;34;32;0;0
202601;412720;2567466;05;;32;32;0;0
202601;412730;2753804;05;;33;31;0;0
202601;412750;2740567;05;;16;16;0;0
202601;412760;0019194;05;;19;19;0;0
202601;412770;2809532;05;;97;0;0;0
202601;412770;2809990;05;;32;0;0;0
202601;412770;4056752;05;;212;140;37;30
202601;412770;4330919;05;;69;59;10;0
202601;412770;7781237;05;;8;0;7;0
202601;412780;4057058;05;;67;51;0;0
202601;412785;2738201;05;;34;34;0;0
202601;412788;0019208;15;;6;6;0;0
202601;412790;2783819;05;;22;22;0;0
202601;412796;2741962;05;;49;49;0;0
202601;412800;2733633;05;;55;51;0;0
202601;412800;3024571;05;;51;0;0;0
202601;412810;2594358;07;;156;150;0;0
202601;412810;2594366;05;;123;86;19;13
202601;412810;2679736;05;;129;89;30;30
202601;412810;3005011;05;;127;93;26;22
202601;412810;7845138;05;;240;183;20;14
202601;412820;2568292;07;;126;33;0;0
202601;412820;2568349;05;;70;56;10;9
202601;412820;2568373;05;;110;61;23;16
202601;412840;2582066;05;;48;46;0;0
202601;412850;3134423;05;;52;51;0;0
202601;412855;2573032;05;;27;26;0;0
202601;412860;2586096;05;;21;19;0;0
202601;412863;2681579;15;;4;4;0;0
202602;410020;0013102;15;;3;3;0;0
202602;410045;2733528;05;;19;19;0;0
202602;410050;2781700;05;;39;39;0;0
202602;410060;2753995;05;;20;19;0;0
202602;410080;2729393;05;;16;16;0;0
202602;410090;2753820;05;;14;14;0;0
202602;410100;5621674;05;;35;34;0;0
202602;410110;2582554;05;;62;57;0;0
202602;410120;2680971;05;;32;32;0;0
202602;410130;2537044;15;;2;2;0;0
202602;410140;2439263;05;;125;69;12;12
202602;410140;2439360;05;;186;152;30;28
202602;410140;4820150;05;;50;50;0;0
202602;410150;2576198;05;;106;81;16;5
202602;410150;2576341;05;;423;371;104;75
202602;410150;5911354;05;;62;51;0;0
202602;410160;2687011;05;;44;44;0;0
202602;410170;0109258;05;;23;23;0;0
202602;410180;5995280;05;;83;83;18;18
202602;410190;2577283;05;;38;38;0;0
202602;410190;2582538;05;;11;0;0;0
202602;410200;4051165;05;;62;61;10;10
202602;410200;4051181;05;;27;19;0;0
202602;410210;2733579;05;;102;94;0;0
202602;410240;2577410;05;;92;81;12;10
202602;410240;2577429;05;;37;0;0;0
202602;410250;3587010;05;;1;1;0;0
202602;410280;2729547;05;;17;17;0;0
202602;410290;2549263;05;;43;43;0;0
202602;410305;6326269;05;;16;16;0;0
202602;410310;2681498;05;;9;9;0;0
202602;410320;2571714;05;;29;29;0;0
202602;410330;2573423;05;;27;27;0;0
202602;410345;4068106;05;;33;33;0;0
202602;410360;3134563;05;;24;24;0;0
202602;410360;4051513;05;;61;55;0;0
202602;410370;2729539;05;;37;10;0;0
202602;410370;2730650;05;;101;84;10;10
202602;410390;2733285;05;;36;28;0;0
202602;410400;0013633;05;;582;466;163;86
202602;410420;0013838;05;;172;145;46;28
202602;410420;0013846;05;;890;838;386;365
202602;410420;0014001;07;;48;48;0;0
202602;410420;5603145;05;;158;141;80;75
202602;410420;6426204;05;;120;120;40;40
202602;410430;0014109;05;;156;143;32;28
202602;410430;0014125;05;;105;71;20;10
202602;410430;9578986;05;;28;0;0;0
202602;410440;2587785;05;;31;31;0;0
202602;410442;2742020;05;;41;39;0;0
202602;410450;2586061;05;;39;29;0;0
202602;410460;2571811;05;;35;33;0;0
202602;410470;2877112;05;;50;50;0;0
202602;410480;2737078;15;;1;1;0;0
202602;410480;2737434;07;;137;114;6;5
202602;410480;2738090;07;;3;2;0;0
202602;410480;2738309;05;;217;114;40;17
202602;410480;2738368;05;;374;368;61;55
202602;410480;2738384;07;;5;2;0;0
202602;410480;2738899;05;;133;0;29;0
202602;410480;2740338;07;;137;91;10;8
202602;410480;3014509;05;;60;0;6;0
202602;410480;3165019;05;;29;0;0;0
202602;410480;3196488;07;;15;0;0;0
202602;410480;3196712;07;;5;0;0;0
202602;410480;3677214;07;;10;0;0;0
202602;410480;3751678;15;;1;1;0;0
202602;410480;7611986;07;;5;0;0;0
202602;410480;7807252;05;;6;0;0;0
202602;410480;9232966;07;;5;5;0;0
202602;410480;9543767;05;;60;60;10;10
202602;410490;2683210;05;;156;119;10;9
202602;410510;2729466;05;;25;25;0;0
202602;410520;2767678;05;;17;17;0;0
202602;410530;2572192;05;;46;33;0;0
202602;410540;7039344;05;;87;80;10;10
202602;410550;2733676;05;;70;48;10;8
202602;410550;2735989;05;;101;82;10;8
202602;410560;2733188;05;;18;18;0;0
202602;410570;2738120;05;;56;50;0;0
202602;410580;0907367;05;;1;0;0;0
202602;410580;2753332;07;;40;37;0;0
202602;410580;4419782;07;;2;2;0;0
202602;410590;2733307;05;;121;95;20;15
202602;410600;2582430;15;;1;1;0;0
202602;410610;2781727;05;;20;20;0;0
202602;410620;0015180;05;;16;16;0;0
202602;410630;2738279;05;;34;33;0;0
202602;410640;2577380;05;;64;60;10;10
202602;410640;2582449;05;;146;104;23;14
202602;410640;4369831;05;;82;44;20;0
202602;410640;6355099;05;;36;0;5;0
202602;410650;2595125;05;;51;51;0;0
202602;410660;2737531;05;;32;32;0;0
202602;410670;2753812;05;;11;11;0;0
202602;410680;2549328;05;;37;37;0;0
202602;410690;0015245;05;;493;440;93;82
202602;410690;0015318;05;;264;11;61;3
202602;410690;0015334;05;;488;367;78;48
202602;410690;0015369;05;;334;324;70;60
202602;410690;0015407;05;;206;206;29;29
202602;410690;0015415;05;;42;42;0;0
202602;410690;0015423;05;;162;60;28;14
202602;410690;0015563;07;;361;230;68;46
202602;410690;0015601;05;;50;50;0;0
202602;410690;0015636;07;;31;31;0;0
202602;410690;0015644;07;;250;180;31;24
202602;410690;0015660;05;;4;0;0;0
202602;410690;0015717;07;;64;0;10;0
202602;410690;0015806;07;;125;0;0;0
202602;410690;0015962;05;;58;0;8;0
202602;410690;0016209;07;;11;4;0;0
202602;410690;0016365;07;;335;110;0;0
202602;410690;0016462;05;;41;41;0;0
202602;410690;2384272;07;;40;19;0;0
202602;410690;2384299;05;;447;447;62;62
202602;410690;2715864;05;;149;139;20;10
202602;410690;3000850;05;;104;0;36;0
202602;410690;3000869;05;;148;0;60;0
202602;410690;3000877;07;;48;0;7;0
202602;410690;3000885;05;;129;0;1;0
202602;410690;3000907;07;;108;0;16;0
202602;410690;3005585;05;;26;0;7;0
202602;410690;3005593;05;;93;0;0;0
202602;410690;3012042;07;;4;0;0;0
202602;410690;3021238;05;;49;0;0;0
202602;410690;3033910;07;;21;0;0;0
202602;410690;3046524;07;;1;0;0;0
202602;410690;3059200;07;;85;0;0;0
202602;410690;3063216;05;;40;0;10;0
202602;410690;3068870;05;;75;0;0;0
202602;410690;3075516;05;;131;66;22;8
202602;410690;3087727;07;;3;0;0;0
202602;410690;3117626;05;;29;0;0;0
202602;410690;3140156;07;;9;0;0;0
202602;410690;3160408;05;;86;0;31;0
202602;410690;3199371;07;;10;0;0;0
202602;410690;3371980;05;;90;0;35;0
202602;410690;3971465;05;;36;0;10;0
202602;410690;4259181;07;;4;0;0;0
202602;410690;4650107;05;;7;0;0;0
202602;410690;5064554;05;;13;0;0;0
202602;410690;5247993;05;;10;0;0;0
202602;410690;5310350;05;;55;33;4;0
202602;410690;6388671;05;;197;173;30;30
202602;410690;6593267;05;;16;0;0;0
202602;410690;6878318;05;;188;4;60;0
202602;410690;7180799;05;;14;0;0;0
202602;410690;7413432;05;;54;49;0;0
202602;410690;7457081;05;;16;0;0;0
202602;410690;8044325;05;;24;22;2;0
202602;410690;9084940;07;;12;12;0;0
202602;410690;9356312;05;;18;0;0;0
202602;410690;9571493;05;;45;0;0;0
202602;410690;9582800;05;;89;0;10;0
202602;410690;9907939;05;;79;69;0;0
202602;410700;3024628;05;;19;16;0;0
202602;410710;2753871;05;;19;19;0;0
202602;410720;5232511;05;;60;50;0;0
202602;410750;2735962;05;;38;34;0;0
202602;410753;4052536;05;;10;8;0;0
202602;410760;0887854;05;;30;30;0;0
202602;410765;0017574;05;;84;84;0;0
202602;410775;4052617;05;;31;31;0;0
202602;410790;2733196;05;;24;24;0;0
202602;410800;2729490;05;;22;22;0;0
202602;410820;2572370;05;;45;44;0;0
202602;410830;2591049;05;;209;126;44;21
202602;410830;2593912;05;;139;0;8;0
202602;410830;2673800;05;;41;0;7;0
202602;410830;4388380;05;;60;60;0;0
202602;410830;5061989;05;;218;218;40;40
202602;410840;2666723;05;;68;0;4;0
202602;410840;2666731;05;;84;60;10;10
202602;410840;4924614;05;;96;76;10;0
202602;410840;5373190;05;;36;34;6;6
202602;410840;6424341;05;;155;149;34;30
202602;410840;9164359;07;;2;1;0;0
202602;410840;9736654;07;;2;1;0;0
202602;410855;2588404;05;;10;10;0;0
202602;410860;2733609;05;;40;0;0;0
202602;410860;2735970;05;;72;65;10;10
202602;410870;2573318;05;;26;26;0;0
202602;410880;2810123;05;;59;49;0;0
202602;410890;2753839;05;;16;16;0;0
202602;410900;2921456;15;;4;4;0;0
202602;410930;2572443;05;;48;47;0;0
202602;410940;0213845;05;;147;137;10;0
202602;410940;2741989;05;;220;140;44;37
202602;410940;2742047;05;;168;144;20;19
202602;410940;3139301;05;;20;12;0;0
202602;410940;3403416;05;;8;0;0;0
202602;410950;6732100;05;;14;14;0;0
202602;410960;2680807;05;;33;33;0;0
202602;410970;4053214;05;;51;51;0;0
202602;410975;2571978;05;;31;31;0;0
202602;410980;2729385;05;;103;68;0;0
202602;410980;2729504;05;;24;0;0;0
202602;411030;2753898;05;;11;11;0;0
202602;411040;2733145;05;;16;16;0;0
202602;411060;2738171;05;;31;31;0;0
202602;411070;2517523;05;;9;0;0;0
202602;411070;2783789;05;;171;133;22;20
202602;411070;6473687;05;;14;0;0;0
202602;411070;9363580;05;;37;9;0;0
202602;411080;2733560;05;;20;20;0;0
202602;411095;2582627;05;;25;25;0;0
202602;411100;2582058;05;;21;21;0;0
202602;411125;4064607;05;;37;37;0;0
202602;411130;2753847;05;;17;17;0;0
202602;411140;2687089;05;;21;21;0;0
202602;411150;0163864;05;;70;60;10;0
202602;411150;2590182;05;;85;66;14;9
202602;411150;2590727;05;;92;61;27;21
202602;411155;5795079;15;;1;1;0;0
202602;411170;2781743;05;;18;18;0;0
202602;411180;2783800;05;;84;62;10;9
202602;411190;2729407;05;;29;29;0;0
202602;411200;2687038;05;;71;71;0;0
202602;411210;2573504;07;;296;296;0;0
202602;411210;5240085;05;;67;56;0;0
202602;411240;2733617;05;;19;16;0;0
202602;411250;2587777;05;;23;23;0;0
202602;411275;2781751;05;;31;30;0;0
202602;411280;2781719;05;;31;26;0;0
202602;411290;2781794;15;;14;14;0;0
202602;411300;2733463;05;;18;18;0;0
202602;411310;2573415;05;;23;23;0;0
202602;411320;0017663;05;;94;94;0;0
202602;411320;0025399;07;;20;18;0;0
202602;411330;2741873;05;;64;54;10;10
202602;411330;2742071;05;;65;58;0;0
202602;411345;2572257;05;;20;20;0;0
202602;411350;0684570;05;;2;0;0;0
202602;411350;2753545;05;;58;35;0;0
202602;411350;2753774;05;;31;31;0;0
202602;411350;2753987;07;;51;51;0;0
202602;411370;2550792;05;;439;204;56;22
202602;411370;2577623;07;;191;137;32;17
202602;411370;2577755;07;;24;0;0;0
202602;411370;2577763;05;;115;105;0;0
202602;411370;2578409;07;;65;65;0;0
202602;411370;2578425;05;;4;0;0;0
202602;411370;2578468;07;;220;206;0;0
202602;411370;2578506;07;;12;8;0;0
202602;411370;2578670;05;;101;101;0;0
202602;411370;2579391;07;;50;50;0;0
202602;411370;2579561;05;;6;0;0;0
202602;411370;2580055;05;;324;178;67;43
202602;411370;2781859;05;;447;430;84;73
202602;411370;3114872;05;;8;0;0;0
202602;411370;3235777;05;;3;0;0;0
202602;411370;3518094;05;;6;0;0;0
202602;411370;3599426;07;;10;8;0;0
202602;411370;4835220;05;;103;0;30;0
202602;411370;5301424;05;;19;0;0;0
202602;411370;6074502;05;;82;0;2;0
202602;411370;6528104;07;;13;0;0;0
202602;411370;7758391;05;;55;0;3;0
202602;411375;2590166;05;;21;19;0;0
202602;411380;2729415;05;;16;16;0;0
202602;411390;2554011;05;;39;33;0;0
202602;411400;0869899;07;;4;4;0;0
202602;411400;2733331;05;;10;10;0;0
202602;411420;7250401;05;;54;47;0;0
202602;411420;9745106;05;;26;0;0;0
202602;411430;0017779;05;;50;50;0;0
202602;411440;2595265;05;;59;51;0;0
202602;411450;2588242;05;;33;33;0;0
202602;411460;4053907;05;;59;0;0;0
202602;411460;4582144;05;;26;0;0;0
202602;411460;7117485;05;;23;23;0;0
202602;411470;4442180;15;;1;1;0;0
202602;411500;2753928;05;;23;23;0;0
202602;411510;8025894;15;;2;2;0;0
202602;411520;0035149;07;;60;0;0;0
202602;411520;2586142;05;;88;67;17;10
202602;411520;2586169;05;;100;71;6;6
202602;411520;2586444;05;;72;1;7;0
202602;411520;2587165;05;;140;0;30;0
202602;411520;2587335;05;;204;182;44;32
202602;411520;2587343;05;;51;0;5;0
202602;411520;2594714;05;;302;182;64;34
202602;411520;2743469;05;;125;125;34;34
202602;411520;2743477;05;;125;103;13;10
202602;411520;2962403;07;;116;60;10;6
202602;411520;2972344;05;;62;0;8;0
202602;411520;4469453;05;;11;0;0;0
202602;411520;4936515;05;;21;0;0;0
202602;411520;6030750;07;;14;1;0;0
202602;411520;6466265;07;;8;4;0;0
202602;411520;7264593;15;;70;0;0;0
202602;411520;7898630;15;;14;0;0;0
202602;411520;8072515;05;;58;50;8;0
202602;411520;9365230;05;;189;13;39;0
202602;411550;2572265;05;;21;21;0;0
202602;411560;2588188;05;;48;43;0;0
202602;411570;2557207;05;;10;10;0;0
202602;411580;2582716;05;;104;60;10;3
202602;411580;4792483;05;;44;36;0;0
202602;411600;2729474;05;;10;10;0;0
202602;411605;2575957;05;;43;38;0;0
202602;411620;2687119;05;;18;18;0;0
202602;411670;2573172;05;;38;34;0;0
202602;411680;2733358;05;;21;21;0;0
202602;411690;2774216;05;;40;40;0;0
202602;411695;2587645;05;;13;13;0;0
202602;411700;2568926;05;;16;14;0;0
202602;411710;3452263;05;;34;32;0;0
202602;411720;2738228;05;;8;8;0;0
202602;411722;2810018;05;;19;12;0;0
202602;411727;2587823;05;;50;50;0;0
202602;411750;2781832;05;;26;26;0;0
202602;411760;2738287;05;;101;100;10;10
202602;411770;2686929;05;;42;35;0;0
202602;411790;2810069;05;;20;0;0;0
202602;411790;4054695;05;;60;60;10;10
202602;411820;2687127;05;;141;116;35;10
202602;411820;3227561;05;;11;0;0;0
202602;411820;3560430;05;;21;0;0;0
202602;411820;4607252;05;;14;0;0;0
202602;411820;5248043;05;;49;0;0;0
202602;411830;2753855;20;;6;6;0;0
202602;411840;2753685;05;;5;3;0;0
202602;411840;2754002;05;;27;0;0;0
202602;411840;2754738;05;;212;172;32;30
202602;411845;2810026;05;;20;20;0;0
202602;411850;0017868;05;;154;108;23;20
202602;411850;0017884;05;;135;104;20;20
202602;411850;5069149;05;;12;0;0;0
202602;411850;7759967;20;;14;0;0;0
202602;411890;2738198;05;;21;21;0;0
202602;411910;0935662;05;;64;61;0;0
202602;411915;0018090;05;;42;37;0;0
202602;411915;0018260;07;;160;160;0;0
202602;411915;0018333;05;;103;73;20;0
202602;411920;4054954;05;;27;27;0;0
202602;411930;4671082;05;;82;0;0;0
202602;411940;2687046;05;;18;18;0;0
202602;411950;0018368;05;;84;84;0;0
202602;411950;0018384;07;;400;400;0;0
202602;411950;6940943;07;;60;0;0;0
202602;411950;7707924;07;;100;0;0;0
202602;411950;9040609;07;;60;0;0;0
202602;411960;2742098;05;;95;82;0;0
202602;411970;2753782;05;;12;12;0;0
202602;411980;2584832;05;;43;36;0;0
202602;411990;2686791;05;;153;92;20;12
202602;411990;2686945;05;;106;94;0;0
202602;411990;2686953;05;;175;114;31;22
202602;411990;3658287;05;;49;3;10;0
202602;411990;5833418;05;;127;0;38;0
202602;411990;6542638;05;;339;326;49;36
202602;412000;2729423;05;;40;31;0;0
202602;412020;2753952;05;;10;10;0;0
202602;412033;2729482;05;;20;20;0;0
202602;412035;2584573;05;;40;40;0;0
202602;412050;2729431;05;;10;10;0;0
202602;412060;2742012;05;;67;60;0;0
202602;412060;2743388;05;;78;65;10;0
202602;412070;4055470;05;;28;26;0;0
202602;412085;4611713;15;;1;1;0;0
202602;412090;2572818;05;;47;47;0;0
202602;412100;2753960;05;;28;27;0;0
202602;412120;2817667;05;;25;24;0;0
202602;412130;2577534;15;;16;16;0;0
202602;412140;4935225;05;;28;28;0;0
202602;412150;2554097;05;;56;52;0;0
202602;412180;4055683;05;;54;51;0;0
202602;412190;2582465;05;;51;51;0;0
202602;412200;2554429;05;;56;53;0;0
202602;412220;0018600;05;;24;24;0;0
202602;412230;0018694;05;;38;28;0;0
202602;412240;2727250;07;;157;157;0;0
202602;412240;4055748;05;;78;78;0;0
202602;412240;5539900;05;;10;0;0;0
202602;412250;7070179;05;;32;32;0;0
202602;412260;2733315;05;;32;28;0;0
202602;412265;4075080;05;;20;20;0;0
202602;412290;2781778;05;;16;16;0;0
202602;412310;8101906;15;;4;4;0;0
202602;412350;0854646;05;;25;25;0;0
202602;412350;4805011;05;;25;25;0;0
202602;412370;2753766;05;;27;19;0;0
202602;412380;2583712;05;;50;50;0;0
202602;412390;7278608;05;;40;40;0;0
202602;412400;2781786;05;;20;20;0;0
202602;412410;2781816;05;;93;70;0;0
202602;412410;3316300;05;;92;92;20;20
202602;412420;2753863;05;;10;10;0;0
202602;412430;2568586;15;;10;10;0;0
202602;412440;2585057;05;;29;24;0;0
202602;412460;2753944;05;;20;20;0;0
202602;412470;2577496;05;;20;20;0;0
202602;412490;2753936;05;;17;17;0;0
202602;412500;5412293;05;;22;22;0;0
202602;412510;2686813;05;;25;25;0;0
202602;412535;2665352;05;;24;24;0;0
202602;412540;2781824;05;;18;18;0;0
202602;412545;4056264;05;;22;19;0;0
202602;412550;2753278;05;;133;133;20;20
202602;412550;3073300;05;;64;0;0;0
202602;412560;2549751;05;;50;38;0;0
202602;412570;0462799;05;;160;125;20;0
202602;412570;6657885;05;;30;30;0;0
202602;412580;2573466;05;;26;24;0;0
202602;412600;2577240;15;;8;8;0;0
202602;412620;2582597;05;;31;31;0;0
202602;412625;2825589;05;;221;159;52;40
202602;412640;2577445;05;;23;23;0;0
202602;412650;2729563;05;;16;16;0;0
202602;412660;2783797;05;;54;35;0;0
202602;412667;2729520;05;;16;16;0;0
202602;412670;2753901;05;;15;15;0;0
202602;412700;2557185;05;;5;5;0;0
202602;412710;2740435;05;;154;108;12;10
202602;412710;7442157;05;;110;100;10;0
202602;412710;9760318;05;;54;16;10;0
202602;412720;2334755;05;;34;32;0;0
202602;412720;2567466;05;;32;32;0;0
202602;412730;2753804;05;;33;31;0;0
202602;412750;2740567;05;;16;16;0;0
202602;412760;0019194;05;;19;19;0;0
202602;412770;2809532;05;;97;0;0;0
202602;412770;2809990;05;;32;0;0;0
202602;412770;4056752;05;;212;140;37;30
202602;412770;4330919;05;;69;59;10;0
202602;412770;7781237;05;;8;0;7;0
202602;412770;8149607;07;;1;0;0;0
202602;412780;4057058;05;;67;51;0;0
202602;412785;2738201;05;;34;34;0;0
202602;412788;0019208;15;;6;6;0;0
202602;412790;2783819;05;;22;22;0;0
202602;412796;2741962;05;;49;49;0;0
202602;412800;2733633;05;;55;51;0;0
202602;412800;3024571;05;;51;0;0;0
202602;412810;2594358;07;;156;150;0;0
202602;412810;2594366;05;;123;86;19;13
202602;412810;2679736;05;;129;89;30;30
202602;412810;3005011;05;;127;93;26;22
202602;412810;7845138;05;;240;183;20;14
202602;412820;2568292;07;;126;33;0;0
202602;412820;2568349;05;;70;56;10;9
202602;412820;2568373;05;;110;61;23;16
202602;412840;2582066;05;;48;46;0;0
202602;412850;3134423;05;;52;51;0;0
202602;412855;2573032;05;;27;26;0;0
202602;412860;2586096;05;;21;20;0;0
202602;412863;2681579;15;;4;4;0;0
202603;410020;0013102;15;;3;3;0;0
202603;410045;2733528;05;;19;19;0;0
202603;410050;2781700;05;;39;39;0;0
202603;410060;2753995;05;;20;19;0;0
202603;410080;2729393;05;;16;16;0;0
202603;410090;2753820;05;;14;14;0;0
202603;410100;5621674;05;;35;34;0;0
202603;410110;2582554;05;;62;57;0;0
202603;410120;2680971;05;;32;32;0;0
202603;410130;2537044;15;;2;2;0;0
202603;410140;2439263;05;;125;69;12;12
202603;410140;2439360;05;;186;152;30;28
202603;410140;4820150;05;;50;50;0;0
202603;410150;2576198;05;;106;81;16;5
202603;410150;2576341;05;;423;371;104;75
202603;410150;5911354;05;;62;51;0;0
202603;410160;2687011;05;;44;44;0;0
202603;410170;0109258;05;;23;23;0;0
202603;410180;5995280;05;;83;83;18;18
202603;410190;2577283;05;;38;38;0;0
202603;410190;2582538;05;;11;0;0;0
202603;410200;4051165;05;;62;61;10;10
202603;410200;4051181;05;;27;19;0;0
202603;410210;2733579;05;;102;94;0;0
202603;410240;2577410;05;;92;81;12;10
202603;410240;2577429;05;;37;0;0;0
202603;410250;3587010;05;;1;1;0;0
202603;410280;2729547;05;;17;17;0;0
202603;410290;2549263;05;;43;43;0;0
202603;410305;6326269;05;;16;16;0;0
202603;410310;2681498;05;;9;9;0;0
202603;410320;2571714;05;;29;29;0;0
202603;410330;2573423;05;;27;27;0;0
202603;410345;4068106;05;;33;33;0;0
202603;410360;3134563;05;;24;24;0;0
202603;410360;4051513;05;;61;55;0;0
202603;410370;2729539;05;;37;10;0;0
202603;410370;2730650;05;;101;84;10;10
202603;410390;2733285;05;;36;28;0;0
202603;410400;0013633;05;;582;466;163;86
202603;410420;0013838;05;;172;145;46;28
202603;410420;0013846;05;;890;838;386;365
202603;410420;0014001;07;;48;48;0;0
202603;410420;5603145;05;;158;141;80;75
202603;410420;6426204;05;;120;120;40;40
202603;410430;0014109;05;;156;143;32;28
202603;410430;0014125;05;;105;71;20;10
202603;410430;9578986;05;;28;0;0;0
202603;410440;2587785;05;;31;31;0;0
202603;410442;2742020;05;;41;39;0;0
202603;410450;2586061;05;;39;29;0;0
202603;410460;2571811;05;;35;33;0;0
202603;410470;2877112;05;;50;50;0;0
202603;410480;2737078;15;;1;1;0;0
202603;410480;2737434;07;;137;114;6;5
202603;410480;2738090;07;;3;2;0;0
202603;410480;2738309;05;;217;114;40;17
202603;410480;2738368;05;;374;368;61;55
202603;410480;2738384;07;;5;2;0;0
202603;410480;2738899;05;;133;0;29;0
202603;410480;2740338;07;;137;91;10;8
202603;410480;3014509;05;;60;0;6;0
202603;410480;3165019;05;;29;0;0;0
202603;410480;3196488;07;;15;0;0;0
202603;410480;3196712;07;;5;0;0;0
202603;410480;3677214;07;;10;0;0;0
202603;410480;3751678;15;;1;1;0;0
202603;410480;7611986;07;;5;0;0;0
202603;410480;7807252;05;;6;0;0;0
202603;410480;9232966;07;;5;5;0;0
202603;410480;9543767;05;;60;60;10;10
202603;410490;2683210;05;;156;119;10;9
202603;410510;2729466;05;;25;25;0;0
202603;410520;2767678;05;;17;17;0;0
202603;410530;2572192;05;;35;33;0;0
202603;410540;7039344;05;;87;80;10;10
202603;410550;2733676;05;;70;48;10;8
202603;410550;2735989;05;;101;82;10;8
202603;410560;2733188;05;;18;18;0;0
202603;410570;2738120;05;;56;50;0;0
202603;410580;0907367;05;;1;0;0;0
202603;410580;2753332;07;;40;37;0;0
202603;410580;4419782;07;;2;2;0;0
202603;410590;2733307;05;;121;95;20;15
202603;410600;2582430;15;;1;1;0;0
202603;410610;2781727;05;;20;20;0;0
202603;410620;0015180;05;;16;16;0;0
202603;410630;2738279;05;;34;33;0;0
202603;410640;2577380;05;;64;60;10;10
202603;410640;2582449;05;;146;104;23;14
202603;410640;4369831;05;;112;60;20;0
202603;410640;6355099;05;;36;0;5;0
202603;410650;2595125;05;;51;51;0;0
202603;410660;2737531;05;;32;32;0;0
202603;410670;2753812;05;;11;11;0;0
202603;410680;2549328;05;;37;37;0;0
202603;410690;0015245;05;;493;440;93;82
202603;410690;0015318;05;;264;11;61;3
202603;410690;0015334;05;;488;367;78;48
202603;410690;0015369;05;;334;324;70;60
202603;410690;0015407;05;;206;206;29;29
202603;410690;0015415;05;;42;42;0;0
202603;410690;0015423;05;;162;60;28;14
202603;410690;0015563;07;;361;230;68;46
202603;410690;0015601;05;;50;50;0;0
202603;410690;0015636;07;;31;31;0;0
202603;410690;0015644;07;;250;180;31;24
202603;410690;0015660;05;;4;0;0;0
202603;410690;0015717;07;;64;0;10;0
202603;410690;0015806;07;;125;0;0;0
202603;410690;0015962;05;;58;0;8;0
202603;410690;0016209;07;;11;4;0;0
202603;410690;0016365;07;;335;110;0;0
202603;410690;0016462;05;;49;49;0;0
202603;410690;2384272;07;;40;19;0;0
202603;410690;2384299;05;;447;447;62;62
202603;410690;2715864;05;;149;139;20;10
202603;410690;3000850;05;;104;0;36;0
202603;410690;3000869;05;;148;0;60;0
202603;410690;3000877;07;;48;0;7;0
202603;410690;3000885;05;;129;0;1;0
202603;410690;3000907;07;;108;0;16;0
202603;410690;3005585;05;;26;0;7;0
202603;410690;3005593;05;;93;0;0;0
202603;410690;3012042;07;;4;0;0;0
202603;410690;3021238;05;;49;0;0;0
202603;410690;3033910;07;;21;0;0;0
202603;410690;3046524;07;;1;0;0;0
202603;410690;3059200;07;;85;0;0;0
202603;410690;3063216;05;;40;0;10;0
202603;410690;3068870;05;;75;0;0;0
202603;410690;3075516;05;;131;66;22;8
202603;410690;3087727;07;;3;0;0;0
202603;410690;3117626;05;;29;0;0;0
202603;410690;3140156;07;;9;0;0;0
202603;410690;3160408;05;;86;0;31;0
202603;410690;3199371;07;;10;0;0;0
202603;410690;3371980;05;;90;0;35;0
202603;410690;3971465;05;;36;0;10;0
202603;410690;4259181;07;;4;0;0;0
202603;410690;4650107;05;;7;0;0;0
202603;410690;5064554;05;;13;0;0;0
202603;410690;5247993;05;;10;0;0;0
202603;410690;5310350;05;;55;33;4;0
202603;410690;6388671;05;;197;173;30;30
202603;410690;6593267;05;;16;0;0;0
202603;410690;6878318;05;;188;4;60;0
202603;410690;7180799;05;;14;0;0;0
202603;410690;7413432;05;;54;49;0;0
202603;410690;7457081;05;;16;0;0;0
202603;410690;8044325;05;;24;22;2;0
202603;410690;9084940;07;;12;12;0;0
202603;410690;9356312;05;;18;0;0;0
202603;410690;9571493;05;;45;0;0;0
202603;410690;9582800;05;;89;0;10;0
202603;410690;9907939;05;;79;69;0;0
202603;410700;3024628;05;;19;16;0;0
202603;410710;2753871;05;;19;19;0;0
202603;410720;5232511;05;;60;50;0;0
202603;410750;2735962;05;;38;34;0;0
202603;410753;4052536;05;;10;8;0;0
202603;410760;0887854;05;;30;30;0;0
202603;410765;0017574;05;;84;84;0;0
202603;410775;4052617;05;;31;31;0;0
202603;410790;2733196;05;;24;24;0;0
202603;410800;2729490;05;;22;22;0;0
202603;410820;2572370;05;;45;44;0;0
202603;410830;2591049;05;;175;86;40;21
202603;410830;2593912;05;;139;0;8;0
202603;410830;2673800;05;;41;0;7;0
202603;410830;4388380;05;;60;60;0;0
202603;410830;5061989;05;;218;218;40;40
202603;410840;2666723;05;;68;0;4;0
202603;410840;2666731;05;;84;60;10;10
202603;410840;4924614;05;;96;76;10;0
202603;410840;5373190;05;;36;34;6;6
202603;410840;6424341;05;;155;149;34;30
202603;410840;9164359;07;;2;1;0;0
202603;410840;9736654;07;;2;1;0;0
202603;410855;2588404;05;;10;10;0;0
202603;410860;2733609;05;;40;0;0;0
202603;410860;2735970;05;;72;65;10;10
202603;410870;2573318;05;;26;26;0;0
202603;410880;2810123;05;;59;49;0;0
202603;410890;2753839;05;;16;16;0;0
202603;410900;2921456;15;;4;4;0;0
202603;410930;2572443;05;;48;47;0;0
202603;410940;0213845;05;;147;137;10;0
202603;410940;2741989;05;;220;140;44;37
202603;410940;2742047;05;;168;144;20;19
202603;410940;3139301;05;;20;12;0;0
202603;410940;3403416;05;;8;0;0;0
202603;410950;6732100;05;;14;14;0;0
202603;410960;2680807;05;;33;33;0;0
202603;410970;4053214;05;;51;51;0;0
202603;410975;2571978;05;;31;31;0;0
202603;410980;2729385;05;;103;68;0;0
202603;410980;2729504;05;;24;0;0;0
202603;411030;2753898;05;;11;11;0;0
202603;411040;2733145;05;;16;16;0;0
202603;411060;0936529;07;;6;1;0;0
202603;411060;2738171;05;;31;31;0;0
202603;411070;2517523;05;;9;0;0;0
202603;411070;2783789;05;;171;133;22;20
202603;411070;6473687;05;;14;0;0;0
202603;411070;9363580;05;;37;9;0;0
202603;411080;2733560;05;;20;20;0;0
202603;411095;2582627;05;;25;25;0;0
202603;411100;2582058;05;;21;21;0;0
202603;411125;4064607;05;;37;37;0;0
202603;411130;2753847;05;;17;17;0;0
202603;411140;2687089;05;;21;21;0;0
202603;411150;0163864;05;;70;60;10;0
202603;411150;2590182;05;;85;66;14;9
202603;411150;2590727;05;;92;61;27;21
202603;411155;5795079;15;;1;1;0;0
202603;411170;2781743;05;;18;18;0;0
202603;411180;2783800;05;;84;62;10;9
202603;411190;2729407;05;;29;29;0;0
202603;411200;2687038;05;;71;71;0;0
202603;411210;2573504;07;;296;296;0;0
202603;411210;5240085;05;;67;56;0;0
202603;411240;2733617;05;;19;16;0;0
202603;411250;2587777;05;;23;23;0;0
202603;411275;2781751;05;;31;30;0;0
202603;411280;2781719;05;;31;26;0;0
202603;411290;2781794;15;;14;14;0;0
202603;411300;2733463;05;;18;18;0;0
202603;411310;2573415;05;;23;23;0;0
202603;411320;0017663;05;;94;94;0;0
202603;411320;0025399;07;;20;18;0;0
202603;411330;2741873;05;;64;56;10;10
202603;411330;2742071;05;;65;58;0;0
202603;411345;2572257;05;;20;20;0;0
202603;411350;0684570;05;;2;0;0;0
202603;411350;2753545;05;;112;80;12;0
202603;411350;2753774;05;;31;31;0;0
202603;411350;2753987;07;;51;51;0;0
202603;411370;2550792;05;;439;204;56;22
202603;411370;2577623;07;;191;137;32;17
202603;411370;2577755;07;;24;0;0;0
202603;411370;2577763;05;;115;105;0;0
202603;411370;2578409;07;;65;65;0;0
202603;411370;2578425;05;;4;0;0;0
202603;411370;2578468;07;;220;206;0;0
202603;411370;2578506;07;;12;8;0;0
202603;411370;2578670;05;;101;101;0;0
202603;411370;2579391;07;;50;50;0;0
202603;411370;2579561;05;;6;0;0;0
202603;411370;2580055;05;;324;178;67;43
202603;411370;2781859;05;;447;430;84;73
202603;411370;3114872;05;;8;0;0;0
202603;411370;3235777;05;;3;0;0;0
202603;411370;3518094;05;;6;0;0;0
202603;411370;3599426;07;;10;8;0;0
202603;411370;4835220;05;;103;0;30;0
202603;411370;5301424;05;;19;0;0;0
202603;411370;6074502;05;;82;0;2;0
202603;411370;6528104;07;;13;0;0;0
202603;411370;7758391;05;;55;0;3;0
202603;411375;2590166;05;;21;19;0;0
202603;411380;2729415;05;;16;16;0;0
202603;411390;2554011;05;;39;33;0;0
202603;411400;0869899;07;;4;4;0;0
202603;411420;7250401;05;;54;47;0;0
202603;411420;9745106;05;;26;0;0;0
202603;411430;0017779;05;;50;50;0;0
202603;411440;2595265;05;;68;51;0;0
202603;411450;2588242;05;;33;33;0;0
202603;411460;4053907;05;;59;0;0;0
202603;411460;4582144;05;;26;6;0;0
202603;411460;7117485;05;;23;23;0;0
202603;411470;4442180;15;;1;1;0;0
202603;411500;2753928;05;;23;23;0;0
202603;411510;8025894;15;;2;2;0;0
202603;411520;0035149;07;;60;0;0;0
202603;411520;2586142;05;;88;67;17;10
202603;411520;2586169;05;;100;71;6;6
202603;411520;2586444;05;;72;1;7;0
202603;411520;2587165;05;;140;0;30;0
202603;411520;2587335;05;;204;182;44;32
202603;411520;2587343;05;;51;0;5;0
202603;411520;2594714;05;;302;182;64;34
202603;411520;2743469;05;;125;125;34;34
202603;411520;2743477;05;;125;103;13;10
202603;411520;2962403;07;;98;72;10;6
202603;411520;2972344;05;;66;0;8;0
202603;411520;4469453;05;;11;0;0;0
202603;411520;4936515;05;;21;0;0;0
202603;411520;6030750;07;;14;1;0;0
202603;411520;6466265;07;;8;4;0;0
202603;411520;7264593;15;;70;0;0;0
202603;411520;7898630;15;;14;0;0;0
202603;411520;8072515;05;;58;50;8;0
202603;411520;9365230;05;;189;13;39;0
202603;411550;2572265;05;;21;21;0;0
202603;411560;2588188;05;;46;40;0;0
202603;411570;2557207;05;;10;10;0;0
202603;411580;2582716;05;;104;60;10;3
202603;411580;4792483;05;;44;36;0;0
202603;411600;2729474;05;;10;10;0;0
202603;411605;2575957;05;;43;38;0;0
202603;411620;2687119;05;;18;18;0;0
202603;411670;2573172;05;;38;34;0;0
202603;411680;2733358;05;;21;21;0;0
202603;411690;2774216;05;;40;40;0;0
202603;411695;2587645;05;;13;13;0;0
202603;411700;2568926;05;;16;14;0;0
202603;411710;3452263;05;;34;32;0;0
202603;411720;2738228;05;;8;8;0;0
202603;411722;2810018;05;;19;12;0;0
202603;411727;2587823;05;;50;50;0;0
202603;411750;2781832;05;;26;26;0;0
202603;411760;2738287;05;;101;100;10;10
202603;411770;2686929;05;;42;35;0;0
202603;411790;2810069;05;;20;0;0;0
202603;411790;4054695;05;;60;60;10;10
202603;411820;2687127;05;;141;116;35;10
202603;411820;3227561;05;;11;0;0;0
202603;411820;3560430;05;;21;0;0;0
202603;411820;4607252;05;;14;0;0;0
202603;411820;5248043;05;;49;0;0;0
202603;411830;2753855;20;;6;6;0;0
202603;411840;2753685;05;;5;3;0;0
202603;411840;2754002;05;;27;0;0;0
202603;411840;2754738;05;;212;172;32;30
202603;411845;2810026;05;;20;20;0;0
202603;411850;0017868;05;;154;107;23;20
202603;411850;0017884;05;;135;104;20;20
202603;411850;5069149;05;;12;0;0;0
202603;411850;7759967;20;;14;0;0;0
202603;411890;2738198;05;;21;21;0;0
202603;411910;0935662;05;;64;61;0;0
202603;411915;0018090;05;;42;37;0;0
202603;411915;0018260;07;;160;160;0;0
202603;411915;0018333;05;;103;73;20;0
202603;411920;4054954;05;;27;27;0;0
202603;411940;2687046;05;;18;18;0;0
202603;411950;0018368;05;;84;84;0;0
202603;411950;0018384;07;;400;400;0;0
202603;411950;6940943;07;;60;0;0;0
202603;411950;7707924;07;;100;0;0;0
202603;411960;2742098;05;;95;82;0;0
202603;411970;2753782;05;;12;12;0;0
202603;411980;2584832;05;;43;36;0;0
202603;411990;2686791;05;;153;92;20;12
202603;411990;2686945;05;;106;94;0;0
202603;411990;2686953;05;;175;114;31;22
202603;411990;3658287;05;;49;5;10;0
202603;411990;5833418;05;;127;0;38;0
202603;411990;6542638;05;;330;317;49;36
202603;412000;2729423;05;;31;31;0;0
202603;412020;2753952;05;;10;10;0;0
202603;412033;2729482;05;;20;20;0;0
202603;412035;2584573;05;;40;40;0;0
202603;412050;2729431;05;;10;10;0;0
202603;412060;2742012;05;;67;60;0;0
202603;412060;2743388;05;;78;65;10;0
202603;412070;4055470;05;;28;26;0;0
202603;412085;4611713;15;;1;1;0;0
202603;412090;2572818;05;;47;47;0;0
202603;412100;2753960;05;;28;27;0;0
202603;412120;2817667;05;;25;24;0;0
202603;412130;2577534;15;;16;16;0;0
202603;412140;4935225;05;;31;31;0;0
202603;412150;2554097;05;;56;52;0;0
202603;412180;4055683;05;;54;51;0;0
202603;412190;2582465;05;;51;51;0;0
202603;412200;2554429;05;;56;53;0;0
202603;412220;0018600;05;;24;24;0;0
202603;412230;0018694;05;;38;28;0;0
202603;412240;2727250;07;;157;157;0;0
202603;412240;4055748;05;;78;78;0;0
202603;412240;5539900;05;;10;0;0;0
202603;412250;7070179;05;;32;32;0;0
202603;412260;2733315;05;;32;28;0;0
202603;412265;4075080;05;;20;20;0;0
202603;412290;2781778;05;;16;16;0;0
202603;412310;8101906;15;;4;4;0;0
202603;412350;0854646;05;;25;25;0;0
202603;412350;4805011;05;;25;25;0;0
202603;412370;2753766;05;;27;19;0;0
202603;412380;2583712;05;;50;50;0;0
202603;412390;7278608;05;;40;40;0;0
202603;412400;2781786;05;;20;20;0;0
202603;412410;2781816;05;;93;70;0;0
202603;412410;3316300;05;;92;92;20;20
202603;412420;2753863;05;;10;10;0;0
202603;412430;2568586;15;;10;10;0;0
202603;412440;2585057;05;;29;24;0;0
202603;412460;2753944;05;;20;20;0;0
202603;412470;2577496;05;;20;20;0;0
202603;412490;2753936;05;;17;17;0;0
202603;412500;5412293;05;;22;22;0;0
202603;412510;2686813;05;;25;25;0;0
202603;412535;2665352;05;;24;24;0;0
202603;412540;2781824;05;;18;18;0;0
202603;412545;4056264;05;;22;19;0;0
202603;412550;2753278;05;;133;133;20;20
202603;412550;3073300;05;;64;0;0;0
202603;412560;2549751;05;;50;38;0;0
202603;412570;0462799;05;;160;111;20;0
202603;412570;6657885;05;;30;30;0;0
202603;412580;2573466;05;;26;24;0;0
202603;412600;2577240;15;;8;8;0;0
202603;412620;2582597;05;;31;31;0;0
202603;412625;2825589;05;;221;159;52;40
202603;412640;2577445;05;;23;23;0;0
202603;412650;2729563;05;;16;16;0;0
202603;412660;2783797;05;;54;35;0;0
202603;412667;2729520;05;;16;16;0;0
202603;412670;2753901;05;;15;15;0;0
202603;412700;2557185;05;;5;5;0;0
202603;412710;2740435;05;;154;108;12;10
202603;412710;7442157;05;;110;100;10;0
202603;412710;9760318;05;;54;16;10;0
202603;412720;2334755;05;;34;32;0;0
202603;412720;2567466;05;;32;32;0;0
202603;412730;2753804;05;;33;31;0;0
202603;412750;2740567;05;;16;16;0;0
202603;412760;0019194;05;;19;19;0;0
202603;412770;2809532;05;;97;0;0;0
202603;412770;2809990;05;;32;0;0;0
202603;412770;4056752;05;;212;140;37;30
202603;412770;4330919;05;;69;59;10;0
202603;412770;7781237;05;;8;0;7;0
202603;412770;8149607;07;;1;0;0;0
202603;412780;4057058;05;;67;51;0;0
202603;412785;2738201;05;;34;34;0;0
202603;412788;0019208;15;;6;6;0;0
202603;412790;2783819;05;;22;22;0;0
202603;412796;2741962;05;;49;49;0;0
202603;412800;2733633;05;;55;51;0;0
202603;412800;3024571;05;;51;0;0;0
202603;412810;2594358;07;;156;150;0;0
202603;412810;2594366;05;;123;86;19;13
202603;412810;2679736;05;;129;89;30;30
202603;412810;3005011;05;;127;93;26;22
202603;412810;7845138;05;;240;183;20;14
202603;412820;2568292;07;;126;33;0;0
202603;412820;2568349;05;;70;56;10;9
202603;412820;2568373;05;;110;61;23;16
202603;412840;2582066;05;;48;46;0;0
202603;412850;3134423;05;;52;51;0;0
202603;412855;2573032;05;;27;26;0;0
202603;412860;2586096;05;;21;20;0;0
202603;412863;2681579;15;;4;4;0;0
202604;410020;0013102;15;;3;3;0;0
202604;410045;2733528;05;;19;19;0;0
202604;410050;2781700;05;;39;39;0;0
202604;410060;2753995;05;;20;19;0;0
202604;410080;2729393;05;;16;16;0;0
202604;410090;2753820;05;;14;14;0;0
202604;410100;5621674;05;;35;34;0;0
202604;410110;2582554;05;;62;57;0;0
202604;410120;2680971;05;;32;32;0;0
202604;410130;2537044;15;;2;2;0;0
202604;410140;2439263;05;;125;69;12;12
202604;410140;2439360;05;;186;152;30;28
202604;410140;4820150;05;;50;50;0;0
202604;410150;2576198;05;;106;81;16;5
202604;410150;2576341;05;;423;371;104;75
202604;410150;5911354;05;;62;51;0;0
202604;410160;2687011;05;;44;44;0;0
202604;410170;0109258;05;;23;23;0;0
202604;410180;5995280;05;;83;83;18;18
202604;410190;2577283;05;;38;38;0;0
202604;410190;2582538;05;;11;0;0;0
202604;410200;4051165;05;;62;61;10;10
202604;410200;4051181;05;;27;19;0;0
202604;410210;2733579;05;;102;94;0;0
202604;410240;2577410;05;;92;81;12;10
202604;410240;2577429;05;;37;0;0;0
202604;410250;3587010;05;;1;1;0;0
202604;410280;2729547;05;;17;17;0;0
202604;410290;2549263;05;;43;43;0;0
202604;410305;6326269;05;;16;16;0;0
202604;410310;2681498;05;;9;9;0;0
202604;410320;2571714;05;;29;29;0;0
202604;410330;2573423;05;;27;27;0;0
202604;410345;4068106;05;;33;33;0;0
202604;410360;3134563;05;;24;24;0;0
202604;410360;4051513;05;;61;55;0;0
202604;410370;2729539;05;;37;10;0;0
202604;410370;2730650;05;;102;85;10;10
202604;410390;2733285;05;;36;28;0;0
202604;410400;0013633;05;;582;466;163;86
202604;410420;0013838;05;;172;145;46;28
202604;410420;0013846;05;;890;838;386;365
202604;410420;0014001;07;;48;48;0;0
202604;410420;5603145;05;;158;141;80;75
202604;410420;6426204;05;;120;120;40;40
202604;410430;0014109;05;;156;143;32;28
202604;410430;0014125;05;;105;71;20;10
202604;410430;9578986;05;;28;0;0;0
202604;410440;2587785;05;;31;31;0;0
202604;410442;2742020;05;;41;39;0;0
202604;410450;2586061;05;;39;29;0;0
202604;410460;2571811;05;;35;33;0;0
202604;410470;2877112;05;;50;50;0;0
202604;410480;2737078;15;;1;1;0;0
202604;410480;2737434;07;;137;114;6;5
202604;410480;2738090;07;;3;2;0;0
202604;410480;2738309;05;;217;114;40;17
202604;410480;2738368;05;;374;368;61;55
202604;410480;2738384;07;;5;2;0;0
202604;410480;2738899;05;;133;0;29;0
202604;410480;2740338;07;;137;91;10;8
202604;410480;3014509;05;;60;0;6;0
202604;410480;3165019;05;;29;0;0;0
202604;410480;3196488;07;;15;0;0;0
202604;410480;3196712;07;;5;0;0;0
202604;410480;3677214;07;;10;0;0;0
202604;410480;3751678;15;;1;1;0;0
202604;410480;7611986;07;;5;0;0;0
202604;410480;7807252;05;;6;0;0;0
202604;410480;9232966;07;;5;5;0;0
202604;410480;9543767;05;;60;60;10;10
202604;410490;2683210;05;;156;119;10;9
202604;410510;2729466;05;;25;25;0;0
202604;410520;2767678;05;;17;17;0;0
202604;410530;2572192;05;;35;33;0;0
202604;410540;7039344;05;;87;80;10;10
202604;410550;2733676;05;;70;48;10;8
202604;410550;2735989;05;;101;82;10;8
202604;410560;2733188;05;;18;18;0;0
202604;410570;2738120;05;;56;50;0;0
202604;410580;0907367;05;;1;0;0;0
202604;410580;2753332;07;;40;37;0;0
202604;410580;4419782;07;;2;2;0;0
202604;410590;2733307;05;;121;95;20;15
202604;410600;2582430;15;;1;1;0;0
202604;410610;2781727;05;;20;20;0;0
202604;410620;0015180;05;;16;16;0;0
202604;410630;2738279;05;;34;33;0;0
202604;410640;2577380;05;;64;60;10;10
202604;410640;2582449;05;;146;104;23;14
202604;410640;4369831;05;;112;60;20;0
202604;410640;6355099;05;;36;0;5;0
202604;410650;2595125;05;;51;51;0;0
202604;410660;2737531;05;;32;32;0;0
202604;410670;2753812;05;;11;11;0;0
202604;410680;2549328;05;;37;37;0;0
202604;410690;0015245;05;;493;440;93;82
202604;410690;0015318;05;;264;11;61;3
202604;410690;0015334;05;;488;367;78;48
202604;410690;0015369;05;;334;324;70;60
202604;410690;0015407;05;;206;206;29;29
202604;410690;0015415;05;;42;42;0;0
202604;410690;0015423;05;;162;60;28;14
202604;410690;0015563;07;;361;230;68;46
202604;410690;0015601;05;;50;50;0;0
202604;410690;0015636;07;;31;31;0;0
202604;410690;0015644;07;;250;180;31;24
202604;410690;0015660;05;;4;0;0;0
202604;410690;0015717;07;;64;0;10;0
202604;410690;0015806;07;;125;0;0;0
202604;410690;0015962;05;;58;0;8;0
202604;410690;0016209;07;;11;4;0;0
202604;410690;0016365;07;;335;110;0;0
202604;410690;0016462;05;;49;49;0;0
202604;410690;2384272;07;;40;19;0;0
202604;410690;2384299;05;;447;447;62;62
202604;410690;2715864;05;;149;139;20;10
202604;410690;3000850;05;;104;0;36;0
202604;410690;3000869;05;;148;0;60;0
202604;410690;3000877;07;;48;0;7;0
202604;410690;3000885;05;;129;0;1;0
202604;410690;3000907;07;;108;0;16;0
202604;410690;3005585;05;;26;0;7;0
202604;410690;3005593;05;;93;0;0;0
202604;410690;3012042;07;;4;0;0;0
202604;410690;3021238;05;;49;0;0;0
202604;410690;3033910;07;;21;0;0;0
202604;410690;3046524;07;;1;0;0;0
202604;410690;3059200;07;;85;0;0;0
202604;410690;3063216;05;;40;0;10;0
202604;410690;3068870;05;;75;0;0;0
202604;410690;3075516;05;;131;66;22;8
202604;410690;3087727;07;;3;0;0;0
202604;410690;3117626;05;;29;0;0;0
202604;410690;3140156;07;;9;0;0;0
202604;410690;3160408;05;;86;0;31;0
202604;410690;3199371;07;;10;0;0;0
202604;410690;3371980;05;;90;0;35;0
202604;410690;3971465;05;;36;0;10;0
202604;410690;4259181;07;;4;0;0;0
202604;410690;4650107;05;;7;0;0;0
202604;410690;5064554;05;;13;0;0;0
202604;410690;5247993;05;;10;0;0;0
202604;410690;5310350;05;;55;33;4;0
202604;410690;6388671;05;;169;169;30;30
202604;410690;6593267;05;;16;0;0;0
202604;410690;6878318;05;;188;4;60;0
202604;410690;7180799;05;;14;0;0;0
202604;410690;7413432;05;;54;49;0;0
202604;410690;7457081;05;;16;0;0;0
202604;410690;8044325;05;;24;22;2;0
202604;410690;9084940;07;;12;12;0;0
202604;410690;9356312;05;;18;0;0;0
202604;410690;9571493;05;;45;0;0;0
202604;410690;9582800;05;;89;0;10;0
202604;410690;9907939;05;;79;69;0;0
202604;410700;3024628;05;;19;16;0;0
202604;410710;2753871;05;;19;19;0;0
202604;410720;5232511;05;;52;50;0;0
202604;410750;2735962;05;;38;34;0;0
202604;410753;4052536;05;;10;8;0;0
202604;410760;0887854;05;;30;30;0;0
202604;410765;0017574;05;;84;84;0;0
202604;410775;4052617;05;;31;31;0;0
202604;410790;2733196;05;;24;24;0;0
202604;410800;2729490;05;;22;22;0;0
202604;410820;2572370;05;;45;44;0;0
202604;410830;2591049;05;;175;86;40;21
202604;410830;2593912;05;;139;0;8;0
202604;410830;2673800;05;;41;0;7;0
202604;410830;4388380;05;;60;60;0;0
202604;410830;5061989;05;;218;218;40;40
202604;410840;2666723;05;;68;0;4;0
202604;410840;2666731;05;;40;22;10;10
202604;410840;4924614;05;;96;76;10;0
202604;410840;5373190;05;;36;34;6;6
202604;410840;6424341;05;;155;149;34;30
202604;410840;9164359;07;;2;1;0;0
202604;410840;9736654;07;;2;1;0;0
202604;410855;2588404;05;;10;10;0;0
202604;410860;2733609;05;;40;0;0;0
202604;410860;2735970;05;;79;65;10;10
202604;410870;2573318;05;;26;26;0;0
202604;410880;2810123;05;;59;49;0;0
202604;410890;2753839;05;;16;16;0;0
202604;410900;2921456;15;;4;4;0;0
202604;410930;2572443;05;;48;47;0;0
202604;410940;0213845;05;;147;137;10;0
202604;410940;2741989;05;;220;140;44;37
202604;410940;2742047;05;;168;144;20;19
202604;410940;3139301;05;;20;12;0;0
202604;410940;3403416;05;;8;0;0;0
202604;410950;6732100;05;;14;14;0;0
202604;410960;2680807;05;;33;33;0;0
202604;410970;4053214;05;;51;51;0;0
202604;410975;2571978;05;;31;31;0;0
202604;410980;2729385;05;;103;68;0;0
202604;410980;2729504;05;;24;0;0;0
202604;411040;2733145;05;;16;16;0;0
202604;411060;0936529;07;;6;1;0;0
202604;411060;2738171;05;;31;31;0;0
202604;411070;2517523;05;;9;0;0;0
202604;411070;2783789;05;;171;133;22;20
202604;411070;6473687;05;;14;0;0;0
202604;411070;9363580;05;;37;9;0;0
202604;411080;2733560;05;;20;20;0;0
202604;411095;2582627;05;;25;25;0;0
202604;411100;2582058;05;;21;21;0;0
202604;411125;4064607;05;;37;37;0;0
202604;411130;2753847;05;;17;17;0;0
202604;411140;2687089;05;;21;21;0;0
202604;411150;0163864;05;;70;60;10;0
202604;411150;2590182;05;;85;66;14;9
202604;411150;2590727;05;;92;61;27;21
202604;411155;5795079;15;;1;1;0;0
202604;411170;2781743;05;;18;18;0;0
202604;411180;2783800;05;;84;62;10;9
202604;411190;2729407;05;;29;29;0;0
202604;411200;2687038;05;;71;71;0;0
202604;411210;2573504;07;;296;296;0;0
202604;411210;5240085;05;;67;56;0;0
202604;411240;2733617;05;;19;16;0;0
202604;411250;2587777;05;;23;23;0;0
202604;411275;2781751;05;;31;30;0;0
202604;411280;2781719;05;;31;26;0;0
202604;411290;2781794;15;;14;14;0;0
202604;411300;2733463;05;;18;18;0;0
202604;411310;2573415;05;;23;23;0;0
202604;411320;0017663;05;;94;94;0;0
202604;411320;0025399;07;;20;18;0;0
202604;411330;2741873;05;;64;56;10;10
202604;411330;2742071;05;;65;58;0;0
202604;411345;2572257;05;;20;20;0;0
202604;411350;0684570;05;;2;0;0;0
202604;411350;2753545;05;;112;80;12;0
202604;411350;2753774;05;;31;31;0;0
202604;411350;2753987;07;;51;51;0;0
202604;411370;2550792;05;;417;150;56;22
202604;411370;2577623;07;;191;137;32;17
202604;411370;2577755;07;;24;0;0;0
202604;411370;2577763;05;;115;115;0;0
202604;411370;2578409;07;;65;65;0;0
202604;411370;2578425;05;;4;0;0;0
202604;411370;2578468;07;;220;206;0;0
202604;411370;2578506;07;;12;8;0;0
202604;411370;2578670;05;;101;101;0;0
202604;411370;2579391;07;;50;50;0;0
202604;411370;2579561;05;;6;0;0;0
202604;411370;2580055;05;;324;178;67;43
202604;411370;2781859;05;;447;430;84;73
202604;411370;3114872;05;;8;0;0;0
202604;411370;3518094;05;;6;0;0;0
202604;411370;3599426;07;;10;8;0;0
202604;411370;4835220;05;;103;0;30;0
202604;411370;5301424;05;;19;0;0;0
202604;411370;6074502;05;;82;0;2;0
202604;411370;6528104;07;;13;0;0;0
202604;411370;7758391;05;;55;0;3;0
202604;411375;2590166;05;;21;19;0;0
202604;411380;2729415;05;;16;16;0;0
202604;411390;2554011;05;;39;33;0;0
202604;411400;0869899;07;;4;4;0;0
202604;411420;7250401;05;;54;47;0;0
202604;411420;9745106;05;;26;0;0;0
202604;411430;0017779;05;;50;50;0;0
202604;411440;2595265;05;;68;51;0;0
202604;411450;2588242;05;;33;33;0;0
202604;411460;4053907;05;;59;0;0;0
202604;411460;4582144;05;;26;5;0;0
202604;411460;7117485;05;;23;23;0;0
202604;411470;4442180;15;;1;1;0;0
202604;411500;2753928;05;;23;23;0;0
202604;411510;8025894;15;;2;2;0;0
202604;411520;0035149;07;;77;0;0;0
202604;411520;2586142;05;;88;67;17;10
202604;411520;2586169;05;;100;71;6;6
202604;411520;2586444;05;;72;1;7;0
202604;411520;2587165;05;;140;0;30;0
202604;411520;2587335;05;;204;182;44;32
202604;411520;2587343;05;;51;0;5;0
202604;411520;2594714;05;;302;182;64;34
202604;411520;2743469;05;;125;125;34;34
202604;411520;2743477;05;;125;103;13;10
202604;411520;2962403;07;;98;72;10;6
202604;411520;2972344;05;;66;0;8;0
202604;411520;4469453;05;;11;0;0;0
202604;411520;4936515;05;;21;0;0;0
202604;411520;6030750;07;;14;1;0;0
202604;411520;6466265;07;;8;4;0;0
202604;411520;7264593;15;;70;0;0;0
202604;411520;7898630;15;;14;0;0;0
202604;411520;8072515;05;;94;47;8;0
202604;411520;9365230;05;;189;13;39;0
202604;411550;2572265;05;;21;21;0;0
202604;411560;2588188;05;;46;40;0;0
202604;411570;2557207;05;;10;10;0;0
202604;411580;2582716;05;;104;60;10;3
202604;411580;4792483;05;;44;36;0;0
202604;411600;2729474;05;;10;10;0;0
202604;411605;2575957;05;;43;38;0;0
202604;411620;2687119;05;;18;18;0;0
202604;411670;2573172;05;;38;34;0;0
202604;411680;2733358;05;;21;21;0;0
202604;411690;2774216;05;;40;40;0;0
202604;411695;2587645;05;;13;13;0;0
202604;411700;2568926;05;;16;14;0;0
202604;411710;3452263;05;;34;32;0;0
202604;411720;2738228;05;;8;8;0;0
202604;411722;2810018;05;;19;12;0;0
202604;411727;2587823;05;;50;50;0;0
202604;411750;2781832;05;;26;26;0;0
202604;411760;2738287;05;;101;100;10;10
202604;411770;2686929;05;;42;35;0;0
202604;411790;2810069;05;;20;0;0;0
202604;411790;4054695;05;;60;60;10;10
202604;411820;2687127;05;;141;116;35;10
202604;411820;3227561;05;;11;0;0;0
202604;411820;3560430;05;;21;0;0;0
202604;411820;4607252;05;;14;0;0;0
202604;411820;5248043;05;;49;0;0;0
202604;411830;2753855;20;;6;6;0;0
202604;411840;2753685;05;;5;3;0;0
202604;411840;2754002;05;;27;0;0;0
202604;411840;2754738;05;;212;172;32;30
202604;411845;2810026;05;;20;20;0;0
202604;411850;0017868;05;;154;107;23;20
202604;411850;0017884;05;;135;104;20;20
202604;411850;5069149;05;;12;0;0;0
202604;411850;7759967;20;;14;0;0;0
202604;411890;2738198;05;;21;21;0;0
202604;411910;0935662;05;;64;61;0;0
202604;411915;0018090;05;;42;37;0;0
202604;411915;0018260;07;;160;160;0;0
202604;411915;0018333;05;;103;73;20;0
202604;411920;4054954;05;;27;27;0;0
202604;411940;2687046;05;;18;18;0;0
202604;411950;0018368;05;;84;84;0;0
202604;411950;0018384;07;;400;400;0;0
202604;411950;6940943;07;;60;0;0;0
202604;411950;7707924;07;;100;0;0;0
202604;411960;2742098;05;;95;82;0;0
202604;411970;2753782;05;;12;12;0;0
202604;411980;2584832;05;;43;36;0;0
202604;411990;2686791;05;;153;92;20;12
202604;411990;2686945;05;;106;94;0;0
202604;411990;2686953;05;;175;114;31;22
202604;411990;3658287;05;;49;5;10;0
202604;411990;5833418;05;;127;0;38;0
202604;411990;6542638;05;;330;317;49;36
202604;412000;2729423;05;;31;31;0;0
202604;412020;2753952;05;;10;10;0;0
202604;412033;2729482;05;;12;12;0;0
202604;412035;2584573;05;;40;40;0;0
202604;412050;2729431;05;;10;10;0;0
202604;412060;2742012;05;;67;60;0;0
202604;412060;2743388;05;;78;65;10;0
202604;412070;4055470;05;;28;26;0;0
202604;412085;4611713;15;;1;1;0;0
202604;412090;2572818;05;;47;47;0;0
202604;412100;2753960;05;;28;27;0;0
202604;412120;2817667;05;;25;24;0;0
202604;412130;2577534;15;;16;16;0;0
202604;412140;4935225;05;;31;31;0;0
202604;412150;2554097;05;;56;52;0;0
202604;412180;4055683;05;;54;51;0;0
202604;412190;2582465;05;;53;51;0;0
202604;412200;2554429;05;;56;53;0;0
202604;412220;0018600;05;;24;24;0;0
202604;412230;0018694;05;;38;28;0;0
202604;412240;2727250;07;;157;157;0;0
202604;412240;4055748;05;;78;78;0;0
202604;412240;5539900;05;;10;0;0;0
202604;412250;7070179;05;;32;32;0;0
202604;412260;2733315;05;;32;28;0;0
202604;412265;4075080;05;;20;20;0;0
202604;412290;2781778;05;;16;16;0;0
202604;412310;8101906;15;;4;4;0;0
202604;412350;0854646;05;;25;25;0;0
202604;412350;4805011;05;;25;25;0;0
202604;412370;2753766;05;;27;19;0;0
202604;412380;2583712;05;;50;50;0;0
202604;412390;7278608;05;;40;40;0;0
202604;412400;2781786;05;;20;20;0;0
202604;412410;2781816;05;;93;70;0;0
202604;412410;3316300;05;;92;92;20;20
202604;412420;2753863;05;;10;10;0;0
202604;412430;2568586;15;;10;10;0;0
202604;412440;2585057;05;;29;24;0;0
202604;412460;2753944;05;;20;20;0;0
202604;412470;2577496;05;;20;20;0;0
202604;412490;2753936;05;;17;17;0;0
202604;412500;5412293;05;;22;22;0;0
202604;412510;2686813;05;;25;25;0;0
202604;412535;2665352;05;;24;24;0;0
202604;412540;2781824;05;;18;18;0;0
202604;412545;4056264;05;;22;19;0;0
202604;412550;2753278;05;;133;133;20;20
202604;412550;3073300;05;;64;0;0;0
202604;412560;2549751;05;;50;38;0;0
202604;412570;0462799;05;;160;111;20;0
202604;412570;6657885;05;;30;30;0;0
202604;412580;2573466;05;;26;24;0;0
202604;412600;2577240;15;;8;8;0;0
202604;412620;2582597;05;;31;31;0;0
202604;412625;2825589;05;;221;159;52;40
202604;412640;2577445;05;;23;23;0;0
202604;412650;2729563;05;;16;16;0;0
202604;412660;2783797;05;;54;35;0;0
202604;412667;2729520;05;;16;16;0;0
202604;412670;2753901;05;;15;15;0;0
202604;412700;2557185;05;;5;5;0;0
202604;412710;2740435;05;;138;108;12;10
202604;412710;7442157;05;;110;100;10;0
202604;412710;9760318;05;;54;16;10;0
202604;412720;2334755;05;;34;32;0;0
202604;412720;2567466;05;;32;32;0;0
202604;412730;2753804;05;;33;31;0;0
202604;412750;2740567;05;;16;16;0;0
202604;412760;0019194;05;;19;19;0;0
202604;412770;2809532;05;;97;0;0;0
202604;412770;2809990;05;;32;0;0;0
202604;412770;4056752;05;;212;140;37;30
202604;412770;4330919;05;;69;59;10;0
202604;412770;7781237;05;;8;0;7;0
202604;412770;8149607;07;;1;0;0;0
202604;412780;4057058;05;;57;51;0;0
202604;412785;2738201;05;;34;34;0;0
202604;412788;0019208;15;;6;6;0;0
202604;412790;2783819;05;;22;22;0;0
202604;412796;2741962;05;;49;49;0;0
202604;412800;2733633;05;;55;51;0;0
202604;412800;3024571;05;;51;0;0;0
202604;412810;2594358;07;;156;150;0;0
202604;412810;2594366;05;;123;86;19;13
202604;412810;2679736;05;;129;89;30;30
202604;412810;3005011;05;;127;93;26;22
202604;412810;7845138;05;;240;183;20;14
202604;412820;2568292;07;;126;33;0;0
202604;412820;2568349;05;;70;56;10;9
202604;412820;2568373;05;;110;61;23;16
202604;412840;2582066;05;;48;46;0;0
202604;412850;3134423;05;;52;51;0;0
202604;412855;2573032;05;;27;26;0;0
202604;412860;2586096;05;;21;20;0;0
202604;412863;2681579;15;;4;4;0;0
202605;410045;2733528;05;;19;19;0;0
202605;410050;2781700;05;;39;39;0;0
202605;410060;2753995;05;;20;19;0;0
202605;410080;2729393;05;;16;16;0;0
202605;410090;2753820;05;;14;14;0;0
202605;410100;5621674;05;;35;34;0;0
202605;410110;2582554;05;;62;57;0;0
202605;410120;2680971;05;;32;32;0;0
202605;410130;2537044;15;;2;2;0;0
202605;410140;2439263;05;;125;69;12;12
202605;410140;2439360;05;;186;152;30;28
202605;410140;4820150;05;;50;50;0;0
202605;410150;2576198;05;;106;81;16;5
202605;410150;2576341;05;;423;371;104;75
202605;410150;5911354;05;;62;51;0;0
202605;410160;2687011;05;;44;44;0;0
202605;410170;0109258;05;;23;23;0;0
202605;410180;5995280;05;;83;83;18;18
202605;410190;2577283;05;;38;38;0;0
202605;410190;2582538;05;;11;0;0;0
202605;410200;4051165;05;;62;61;10;10
202605;410200;4051181;05;;27;19;0;0
202605;410210;2733579;05;;102;94;0;0
202605;410230;0013579;15;;8;8;0;0
202605;410240;2577410;05;;92;81;12;10
202605;410240;2577429;05;;37;0;0;0
202605;410250;3587010;05;;1;1;0;0
202605;410280;2729547;05;;17;17;0;0
202605;410290;2549263;05;;43;43;0;0
202605;410305;6326269;05;;16;16;0;0
202605;410310;2681498;05;;9;9;0;0
202605;410320;2571714;05;;29;29;0;0
202605;410330;2573423;05;;27;27;0;0
202605;410345;4068106;05;;33;33;0;0
202605;410360;3134563;05;;24;24;0;0
202605;410360;4051513;05;;61;55;0;0
202605;410370;2729539;05;;37;10;0;0
202605;410370;2730650;05;;102;85;10;10
202605;410390;2733285;05;;36;28;0;0
202605;410400;0013633;05;;582;466;163;86
202605;410420;0013838;05;;106;86;46;28
202605;410420;0013846;05;;890;838;386;365
202605;410420;0014001;07;;48;48;0;0
202605;410420;5603145;05;;158;141;80;75
202605;410420;6426204;05;;120;120;40;40
202605;410430;0014109;05;;156;143;32;28
202605;410430;0014125;05;;105;71;20;10
202605;410430;9578986;05;;28;0;0;0
202605;410440;2587785;05;;31;31;0;0
202605;410442;2742020;05;;41;39;0;0
202605;410450;2586061;05;;39;29;0;0
202605;410460;2571811;05;;35;33;0;0
202605;410470;2877112;05;;50;50;0;0
202605;410480;2737078;15;;1;1;0;0
202605;410480;2737434;07;;137;114;6;5
202605;410480;2738090;07;;3;2;0;0
202605;410480;2738309;05;;217;114;40;17
202605;410480;2738368;05;;374;368;61;55
202605;410480;2738384;07;;5;2;0;0
202605;410480;2738899;05;;133;0;29;0
202605;410480;2740338;07;;137;91;10;8
202605;410480;3014509;05;;60;0;6;0
202605;410480;3165019;05;;29;0;0;0
202605;410480;3196488;07;;15;0;0;0
202605;410480;3196712;07;;5;0;0;0
202605;410480;3677214;07;;10;0;0;0
202605;410480;3751678;15;;1;1;0;0
202605;410480;7611986;07;;5;0;0;0
202605;410480;7807252;05;;6;0;0;0
202605;410480;9232966;07;;5;5;0;0
202605;410480;9543767;05;;60;60;10;10
202605;410490;2683210;05;;156;119;10;9
202605;410510;2729466;05;;25;25;0;0
202605;410520;2767678;05;;17;17;0;0
202605;410530;2572192;05;;35;33;0;0
202605;410540;7039344;05;;87;80;10;10
202605;410550;2733676;05;;70;48;10;8
202605;410550;2735989;05;;101;82;10;8
202605;410560;2733188;05;;18;18;0;0
202605;410570;2738120;05;;56;50;0;0
202605;410580;0907367;05;;1;0;0;0
202605;410580;2753332;07;;40;37;0;0
202605;410580;4419782;07;;2;2;0;0
202605;410590;2733307;05;;121;95;20;15
202605;410600;2582430;15;;1;1;0;0
202605;410610;2781727;05;;20;20;0;0
202605;410620;0015180;05;;16;16;0;0
202605;410630;2738279;05;;34;33;0;0
202605;410640;2577380;05;;64;60;10;10
202605;410640;2582449;05;;146;104;23;14
202605;410640;4369831;05;;112;60;20;0
202605;410640;6355099;05;;36;0;5;0
202605;410650;2595125;05;;51;51;0;0
202605;410660;2737531;05;;32;32;0;0
202605;410670;2753812;05;;11;11;0;0
202605;410680;2549328;05;;37;37;0;0
202605;410690;0015245;05;;493;440;93;82
202605;410690;0015318;05;;264;11;61;3
202605;410690;0015334;05;;488;367;78;48
202605;410690;0015369;05;;334;324;70;60
202605;410690;0015407;05;;206;206;29;29
202605;410690;0015415;05;;42;42;0;0
202605;410690;0015423;05;;162;60;28;14
202605;410690;0015563;07;;361;230;68;46
202605;410690;0015601;05;;50;50;0;0
202605;410690;0015636;07;;31;31;0;0
202605;410690;0015644;07;;250;180;31;24
202605;410690;0015660;05;;4;0;0;0
202605;410690;0015717;07;;64;0;10;0
202605;410690;0015806;07;;125;0;0;0
202605;410690;0015962;05;;58;0;8;0
202605;410690;0016209;07;;11;4;0;0
202605;410690;0016365;07;;335;110;0;0
202605;410690;0016462;05;;49;49;0;0
202605;410690;2384272;07;;40;19;0;0
202605;410690;2384299;05;;447;447;62;62
202605;410690;2715864;05;;149;139;20;10
202605;410690;3000850;05;;104;0;36;0
202605;410690;3000869;05;;148;0;60;0
202605;410690;3000877;07;;48;0;7;0
202605;410690;3000885;05;;129;0;1;0
202605;410690;3000907;07;;108;0;16;0
202605;410690;3005585;05;;26;0;7;0
202605;410690;3005593;05;;93;0;0;0
202605;410690;3012042;07;;4;0;0;0
202605;410690;3021238;05;;49;0;0;0
202605;410690;3033910;07;;21;0;0;0
202605;410690;3046524;07;;1;0;0;0
202605;410690;3059200;07;;85;0;0;0
202605;410690;3063216;05;;40;0;10;0
202605;410690;3068870;05;;75;0;0;0
202605;410690;3075516;05;;131;66;22;8
202605;410690;3087727;07;;3;0;0;0
202605;410690;3117626;05;;29;0;0;0
202605;410690;3140156;07;;9;0;0;0
202605;410690;3160408;05;;86;0;31;0
202605;410690;3199371;07;;10;0;0;0
202605;410690;3371980;05;;90;0;35;0
202605;410690;3971465;05;;36;0;10;0
202605;410690;4259181;07;;4;0;0;0
202605;410690;5064554;05;;13;0;0;0
202605;410690;5247993;05;;10;0;0;0
202605;410690;5310350;05;;55;33;4;0
202605;410690;6388671;05;;169;169;30;30
202605;410690;6593267;05;;16;0;0;0
202605;410690;6878318;05;;188;4;60;0
202605;410690;7180799;05;;14;0;0;0
202605;410690;7413432;05;;54;49;0;0
202605;410690;7457081;05;;16;0;0;0
202605;410690;8044325;05;;24;22;2;0
202605;410690;9084940;07;;12;12;0;0
202605;410690;9356312;05;;18;0;0;0
202605;410690;9571493;05;;45;0;0;0
202605;410690;9582800;05;;89;0;10;0
202605;410690;9907939;05;;79;69;0;0
202605;410700;3024628;05;;19;16;0;0
202605;410710;2753871;05;;19;19;0;0
202605;410720;5232511;05;;52;50;0;0
202605;410750;2735962;05;;38;34;0;0
202605;410753;4052536;05;;10;8;0;0
202605;410760;0887854;05;;30;30;0;0
202605;410765;0017574;05;;84;84;0;0
202605;410775;4052617;05;;31;31;0;0
202605;410790;2733196;05;;24;24;0;0
202605;410800;2729490;05;;22;22;0;0
202605;410820;2572370;05;;45;44;0;0
202605;410830;2591049;05;;175;86;40;21
202605;410830;2593912;05;;139;0;8;0
202605;410830;2673800;05;;41;0;7;0
202605;410830;4388380;05;;60;60;0;0
202605;410830;5061989;05;;218;218;40;40
202605;410840;2666723;05;;68;0;4;0
202605;410840;2666731;05;;40;22;10;10
202605;410840;4924614;05;;96;76;10;0
202605;410840;5373190;05;;36;34;6;6
202605;410840;6424341;05;;155;149;34;30
202605;410840;9164359;07;;2;1;0;0
202605;410840;9736654;07;;2;1;0;0
202605;410855;2588404;05;;10;10;0;0
202605;410860;2733609;05;;40;0;0;0
202605;410860;2735970;05;;79;65;10;10
202605;410870;2573318;05;;26;26;0;0
202605;410880;2810123;05;;59;49;0;0
202605;410890;2753839;05;;16;16;0;0
202605;410900;2921456;15;;4;4;0;0
202605;410930;2572443;05;;48;47;0;0
202605;410940;0213845;05;;147;137;10;0
202605;410940;2741989;05;;220;140;44;37
202605;410940;2742047;05;;168;144;20;19
202605;410940;3139301;05;;20;12;0;0
202605;410940;3403416;05;;8;0;0;0
202605;410950;6732100;05;;14;14;0;0
202605;410960;2680807;05;;33;33;0;0
202605;410970;4053214;05;;51;51;0;0
202605;410975;2571978;05;;31;31;0;0
202605;410980;2729385;05;;103;68;0;0
202605;410980;2729504;05;;24;0;0;0
202605;411030;2753898;05;;11;11;0;0
202605;411040;2733145;05;;16;16;0;0
202605;411060;0936529;07;;6;1;0;0
202605;411060;2738171;05;;31;31;0;0
202605;411070;2517523;05;;9;0;0;0
202605;411070;2783789;05;;171;133;22;20
202605;411070;6473687;05;;14;0;0;0
202605;411070;9363580;05;;37;9;0;0
202605;411080;2733560;05;;20;20;0;0
202605;411095;2582627;05;;25;25;0;0
202605;411100;2582058;05;;21;21;0;0
202605;411125;4064607;05;;37;37;0;0
202605;411130;2753847;05;;17;17;0;0
202605;411140;2687089;05;;21;21;0;0
202605;411150;0163864;05;;70;60;10;0
202605;411150;2590182;05;;85;66;14;9
202605;411150;2590727;05;;92;61;27;21
202605;411155;5795079;15;;1;1;0;0
202605;411170;2781743;05;;18;18;0;0
202605;411180;2783800;05;;101;80;10;9
202605;411190;2729407;05;;29;29;0;0
202605;411200;2687038;05;;71;71;0;0
202605;411210;2573504;07;;296;296;0;0
202605;411210;5240085;05;;67;56;0;0
202605;411240;2733617;05;;19;16;0;0
202605;411250;2587777;05;;23;23;0;0
202605;411275;2781751;05;;31;30;0;0
202605;411280;2781719;05;;31;26;0;0
202605;411290;2781794;15;;14;14;0;0
202605;411300;2733463;05;;18;18;0;0
202605;411310;2573415;05;;23;23;0;0
202605;411320;0017663;05;;94;94;0;0
202605;411320;0025399;07;;20;18;0;0
202605;411330;2741873;05;;64;56;10;10
202605;411330;2742071;05;;65;58;0;0
202605;411345;2572257;05;;20;20;0;0
202605;411350;0684570;05;;2;0;0;0
202605;411350;2753545;05;;112;80;12;0
202605;411350;2753774;05;;31;31;0;0
202605;411350;2753987;07;;51;51;0;0
202605;411370;2550792;05;;417;150;56;22
202605;411370;2577623;07;;191;137;32;17
202605;411370;2577755;07;;24;0;0;0
202605;411370;2577763;05;;115;105;0;0
202605;411370;2578409;07;;65;65;0;0
202605;411370;2578425;05;;4;0;0;0
202605;411370;2578468;07;;220;206;0;0
202605;411370;2578506;07;;12;8;0;0
202605;411370;2578670;05;;101;101;0;0
202605;411370;2579391;07;;50;50;0;0
202605;411370;2579561;05;;6;0;0;0
202605;411370;2580055;05;;324;178;67;43
202605;411370;2781859;05;;447;430;84;73
202605;411370;3114872;05;;8;0;0;0
202605;411370;3518094;05;;6;0;0;0
202605;411370;3599426;07;;10;8;0;0
202605;411370;4835220;05;;103;0;30;0
202605;411370;5301424;05;;19;0;0;0
202605;411370;6074502;05;;82;0;2;0
202605;411370;6528104;07;;13;10;0;0
202605;411370;7758391;05;;55;0;3;0
202605;411375;2590166;05;;21;19;0;0
202605;411380;2729415;05;;16;16;0;0
202605;411390;2554011;05;;39;33;0;0
202605;411400;0869899;07;;4;4;0;0
202605;411420;7250401;05;;54;47;0;0
202605;411420;9745106;05;;26;0;0;0
202605;411430;0017779;05;;50;50;0;0
202605;411440;2595265;05;;68;51;0;0
202605;411450;2588242;05;;33;33;0;0
202605;411460;4053907;05;;59;0;0;0
202605;411460;4582144;05;;26;5;0;0
202605;411460;7117485;05;;23;23;0;0
202605;411470;4442180;15;;1;1;0;0
202605;411500;2753928;05;;23;23;0;0
202605;411510;8025894;15;;2;2;0;0
202605;411520;0035149;07;;79;0;0;0
202605;411520;2586142;05;;88;67;17;10
202605;411520;2586169;05;;100;71;6;6
202605;411520;2586444;05;;72;1;7;0
202605;411520;2587165;05;;140;0;30;0
202605;411520;2587335;05;;204;182;44;32
202605;411520;2587343;05;;51;0;5;0
202605;411520;2594714;05;;302;182;64;34
202605;411520;2743469;05;;125;125;34;34
202605;411520;2743477;05;;125;103;13;10
202605;411520;2962403;07;;98;72;10;6
202605;411520;2972344;05;;66;0;8;0
202605;411520;4469453;05;;11;0;0;0
202605;411520;4936515;05;;21;0;0;0
202605;411520;6030750;07;;14;1;0;0
202605;411520;6466265;07;;8;4;0;0
202605;411520;7264593;15;;70;0;0;0
202605;411520;7898630;15;;14;0;0;0
202605;411520;8072515;05;;100;49;8;0
202605;411520;9365230;05;;189;13;39;0
202605;411550;2572265;05;;21;21;0;0
202605;411560;2588188;05;;46;40;0;0
202605;411570;2557207;05;;10;10;0;0
202605;411580;2582716;05;;104;60;10;3
202605;411580;4792483;05;;44;36;0;0
202605;411600;2729474;05;;10;10;0;0
202605;411605;2575957;05;;43;38;0;0
202605;411620;2687119;05;;18;18;0;0
202605;411670;2573172;05;;38;34;0;0
202605;411680;2733358;05;;21;21;0;0
202605;411690;2774216;05;;40;40;0;0
202605;411695;2587645;05;;13;13;0;0
202605;411700;2568926;05;;16;14;0;0
202605;411710;3452263;05;;34;32;0;0
202605;411720;2738228;05;;8;8;0;0
202605;411722;2810018;05;;19;12;0;0
202605;411727;2587823;05;;50;50;0;0
202605;411750;2781832;05;;26;26;0;0
202605;411760;2738287;05;;101;100;10;10
202605;411770;2686929;05;;42;35;0;0
202605;411790;2810069;05;;20;0;0;0
202605;411790;4054695;05;;60;60;10;10
202605;411820;2687127;05;;141;116;35;10
202605;411820;3227561;05;;11;0;0;0
202605;411820;3560430;05;;21;0;0;0
202605;411820;4607252;05;;14;0;0;0
202605;411820;5248043;05;;49;0;0;0
202605;411830;2753855;20;;6;6;0;0
202605;411840;2753685;05;;5;3;0;0
202605;411840;2754002;05;;27;0;0;0
202605;411840;2754738;05;;212;172;32;30
202605;411845;2810026;05;;20;20;0;0
202605;411850;0017868;05;;154;107;23;20
202605;411850;0017884;05;;135;104;20;20
202605;411850;5069149;05;;12;0;0;0
202605;411850;7759967;20;;14;0;0;0
202605;411890;2738198;05;;21;21;0;0
202605;411910;0935662;05;;64;61;0;0
202605;411915;0018090;05;;42;37;0;0
202605;411915;0018260;07;;160;160;0;0
202605;411915;0018333;05;;103;73;20;0
202605;411920;4054954;05;;27;27;0;0
202605;411940;2687046;05;;18;18;0;0
202605;411950;0018368;05;;84;84;0;0
202605;411950;0018384;07;;400;400;0;0
202605;411950;6940943;07;;60;0;0;0
202605;411950;7707924;07;;100;0;0;0
202605;411960;2742098;05;;95;82;0;0
202605;411970;2753782;05;;12;12;0;0
202605;411980;2584832;05;;43;36;0;0
202605;411990;2686791;05;;153;92;20;12
202605;411990;2686945;05;;106;94;0;0
202605;411990;2686953;05;;175;114;31;22
202605;411990;3658287;05;;62;5;10;0
202605;411990;5833418;05;;127;0;38;0
202605;411990;6542638;05;;330;317;49;36
202605;412000;2729423;05;;31;31;0;0
202605;412020;2753952;05;;10;10;0;0
202605;412033;2729482;05;;12;12;0;0
202605;412035;2584573;05;;40;40;0;0
202605;412050;2729431;05;;10;10;0;0
202605;412060;2742012;05;;67;60;0;0
202605;412060;2743388;05;;78;65;10;0
202605;412070;4055470;05;;28;26;0;0
202605;412085;4611713;15;;1;1;0;0
202605;412090;2572818;05;;47;47;0;0
202605;412100;2753960;05;;28;27;0;0
202605;412120;2817667;05;;25;24;0;0
202605;412130;2577534;15;;16;16;0;0
202605;412140;4935225;05;;31;31;0;0
202605;412150;2554097;05;;56;52;0;0
202605;412180;4055683;05;;54;51;0;0
202605;412190;2582465;05;;53;51;0;0
202605;412200;2554429;05;;56;53;0;0
202605;412220;0018600;05;;24;24;0;0
202605;412230;0018694;05;;38;28;0;0
202605;412240;2727250;07;;157;157;0;0
202605;412240;4055748;05;;78;78;0;0
202605;412240;5539900;05;;10;0;0;0
202605;412250;7070179;05;;32;32;0;0
202605;412260;2733315;05;;32;28;0;0
202605;412265;4075080;05;;20;20;0;0
202605;412290;2781778;05;;16;16;0;0
202605;412300;8347786;05;;24;24;0;0
202605;412310;8101906;15;;4;4;0;0
202605;412350;0854646;05;;25;25;0;0
202605;412350;4805011;05;;25;25;0;0
202605;412370;2753766;05;;27;19;0;0
202605;412380;2583712;05;;50;50;0;0
202605;412390;7278608;05;;40;40;0;0
202605;412400;2781786;05;;20;20;0;0
202605;412410;2781816;05;;93;70;0;0
202605;412410;3316300;05;;92;92;20;20
202605;412420;2753863;05;;10;10;0;0
202605;412430;2568586;15;;10;10;0;0
202605;412440;2585057;05;;29;24;0;0
202605;412460;2753944;05;;20;20;0;0
202605;412470;2577496;05;;20;20;0;0
202605;412490;2753936;05;;17;17;0;0
202605;412500;5412293;05;;22;22;0;0
202605;412510;2686813;05;;25;25;0;0
202605;412535;2665352;05;;24;24;0;0
202605;412540;2781824;05;;18;18;0;0
202605;412545;4056264;05;;22;19;0;0
202605;412550;2753278;05;;133;133;20;20
202605;412550;3073300;05;;64;0;0;0
202605;412560;2549751;05;;50;38;0;0
202605;412570;0462799;05;;160;111;20;0
202605;412570;6657885;05;;30;30;0;0
202605;412580;2573466;05;;26;24;0;0
202605;412600;2577240;15;;8;8;0;0
202605;412620;2582597;05;;31;31;0;0
202605;412625;2825589;05;;221;159;52;40
202605;412640;2577445;05;;23;23;0;0
202605;412650;2729563;05;;16;16;0;0
202605;412660;2783797;05;;54;35;0;0
202605;412667;2729520;05;;16;16;0;0
202605;412670;2753901;05;;15;15;0;0
202605;412700;2557185;05;;5;5;0;0
202605;412710;2740435;05;;138;108;12;10
202605;412710;7442157;05;;110;100;10;0
202605;412710;9760318;05;;54;16;10;0
202605;412720;2334755;05;;34;32;0;0
202605;412720;2567466;05;;32;32;0;0
202605;412730;2753804;05;;33;31;0;0
202605;412750;2740567;05;;16;16;0;0
202605;412760;0019194;05;;19;19;0;0
202605;412770;2809532;05;;97;0;0;0
202605;412770;2809990;05;;32;0;0;0
202605;412770;4056752;05;;212;140;37;30
202605;412770;4330919;05;;69;59;10;0
202605;412770;7781237;05;;8;0;7;0
202605;412770;8149607;07;;1;0;0;0
202605;412780;4057058;05;;57;51;0;0
202605;412785;2738201;05;;34;34;0;0
202605;412788;0019208;15;;6;6;0;0
202605;412790;2783819;05;;22;22;0;0
202605;412796;2741962;05;;49;49;0;0
202605;412800;2733633;05;;55;51;0;0
202605;412800;3024571;05;;51;0;0;0
202605;412810;2594358;07;;156;150;0;0
202605;412810;2594366;05;;123;86;19;13
202605;412810;2679736;05;;129;89;30;30
202605;412810;3005011;05;;127;93;26;22
202605;412810;7845138;05;;240;183;20;14
202605;412820;2568292;07;;126;33;0;0
202605;412820;2568349;05;;70;56;10;9
202605;412820;2568373;05;;110;61;23;16
202605;412840;2582066;05;;31;31;0;0
202605;412850;3134423;05;;52;51;0;0
202605;412855;2573032;05;;27;26;0;0
202605;412860;2586096;05;;21;20;0;0
202605;412863;2681579;15;;4;4;0;0
202606;410045;2733528;05;;19;19;0;0
202606;410050;2781700;05;;39;39;0;0
202606;410060;2753995;05;;20;19;0;0
202606;410080;2729393;05;;16;16;0;0
202606;410090;2753820;05;;14;14;0;0
202606;410100;5621674;05;;35;34;0;0
202606;410110;2582554;05;;62;57;0;0
202606;410120;2680971;05;;32;32;0;0
202606;410130;2537044;15;;2;2;0;0
202606;410140;2439263;05;;135;69;12;12
202606;410140;2439360;05;;186;152;30;28
202606;410140;4820150;05;;50;50;0;0
202606;410150;2576198;05;;106;81;16;5
202606;410150;2576341;05;;423;371;104;75
202606;410150;5911354;05;;62;51;0;0
202606;410160;2687011;05;;44;44;0;0
202606;410170;0109258;05;;26;26;0;0
202606;410180;5995280;05;;83;83;18;18
202606;410190;2577283;05;;38;38;0;0
202606;410190;2582538;05;;11;0;0;0
202606;410200;4051165;05;;62;61;10;10
202606;410200;4051181;05;;27;19;0;0
202606;410210;2733579;05;;102;94;0;0
202606;410230;0013579;15;;8;8;0;0
202606;410240;2577410;05;;92;81;12;10
202606;410240;2577429;05;;37;0;0;0
202606;410250;3587010;05;;1;1;0;0
202606;410280;2729547;05;;17;17;0;0
202606;410290;2549263;05;;43;43;0;0
202606;410305;6326269;05;;16;16;0;0
202606;410310;2681498;05;;9;9;0;0
202606;410320;2571714;05;;29;29;0;0
202606;410330;2573423;05;;27;27;0;0
202606;410345;4068106;05;;51;51;0;0
202606;410360;3134563;05;;24;24;0;0
202606;410360;4051513;05;;61;55;0;0
202606;410370;2729539;05;;37;10;0;0
202606;410370;2730650;05;;102;85;10;10
202606;410390;2733285;05;;36;28;0;0
202606;410400;0013633;05;;582;466;163;86
202606;410420;0013838;05;;106;86;46;28
202606;410420;0013846;05;;890;838;386;365
202606;410420;0014001;07;;48;48;0;0
202606;410420;5603145;05;;158;141;80;75
202606;410420;6426204;05;;120;120;40;40
202606;410430;0014109;05;;156;143;32;28
202606;410430;0014125;05;;105;71;20;10
202606;410430;9578986;05;;28;0;0;0
202606;410440;2587785;05;;31;31;0;0
202606;410442;2742020;05;;41;39;0;0
202606;410450;2586061;05;;39;29;0;0
202606;410460;2571811;05;;35;33;0;0
202606;410470;2877112;05;;50;50;0;0
202606;410480;2737078;15;;1;1;0;0
202606;410480;2737434;07;;223;203;6;5
202606;410480;2738090;07;;3;2;0;0
202606;410480;2738309;05;;217;114;40;17
202606;410480;2738368;05;;374;368;61;55
202606;410480;2738384;07;;5;2;0;0
202606;410480;2738899;05;;133;0;29;0
202606;410480;2740338;07;;137;91;10;8
202606;410480;3014509;05;;60;0;6;0
202606;410480;3165019;05;;29;0;0;0
202606;410480;3196488;07;;15;0;0;0
202606;410480;3196712;07;;5;0;0;0
202606;410480;3677214;07;;10;0;0;0
202606;410480;3751678;15;;1;1;0;0
202606;410480;7611986;07;;5;0;0;0
202606;410480;9232966;07;;5;5;0;0
202606;410480;9543767;05;;60;60;10;10
202606;410490;2683210;05;;156;119;10;9
202606;410510;2729466;05;;25;25;0;0
202606;410520;2767678;05;;17;17;0;0
202606;410530;2572192;05;;35;33;0;0
202606;410540;7039344;05;;87;80;10;10
202606;410550;2733676;05;;70;48;10;8
202606;410550;2735989;05;;101;82;10;8
202606;410560;2733188;05;;18;18;0;0
202606;410570;2738120;05;;56;50;0;0
202606;410580;0907367;05;;1;0;0;0
202606;410580;2753332;07;;40;37;0;0
202606;410580;4419782;07;;2;2;0;0
202606;410590;2733307;05;;121;95;20;15
202606;410600;2582430;15;;1;1;0;0
202606;410610;2781727;05;;20;20;0;0
202606;410620;0015180;05;;16;16;0;0
202606;410630;2738279;05;;34;33;0;0
202606;410640;2577380;05;;64;60;10;10
202606;410640;2582449;05;;146;104;23;14
202606;410640;4369831;05;;112;60;20;0
202606;410640;6355099;05;;36;0;5;0
202606;410650;2595125;05;;51;51;0;0
202606;410660;2737531;05;;32;32;0;0
202606;410670;2753812;05;;11;11;0;0
202606;410680;2549328;05;;37;37;0;0
202606;410690;0015245;05;;493;440;93;82
202606;410690;0015318;05;;264;11;61;3
202606;410690;0015334;05;;488;367;78;48
202606;410690;0015369;05;;334;324;70;60
202606;410690;0015407;05;;206;206;29;29
202606;410690;0015415;05;;42;42;0;0
202606;410690;0015423;05;;162;60;28;14
202606;410690;0015563;07;;361;230;68;46
202606;410690;0015601;05;;50;50;0;0
202606;410690;0015636;07;;31;31;0;0
202606;410690;0015644;07;;250;180;31;24
202606;410690;0015660;05;;4;0;0;0
202606;410690;0015717;07;;64;0;10;0
202606;410690;0015806;07;;125;0;0;0
202606;410690;0015962;05;;58;0;8;0
202606;410690;0016209;07;;11;4;0;0
202606;410690;0016365;07;;335;110;0;0
202606;410690;0016462;05;;49;49;0;0
202606;410690;2384272;07;;40;19;0;0
202606;410690;2384299;05;;447;447;62;62
202606;410690;2715864;05;;161;151;20;10
202606;410690;3000850;05;;104;0;36;0
202606;410690;3000869;05;;148;0;60;0
202606;410690;3000877;07;;48;0;7;0
202606;410690;3000885;05;;129;0;1;0
202606;410690;3000907;07;;108;0;16;0
202606;410690;3005585;05;;26;0;7;0
202606;410690;3005593;05;;93;0;0;0
202606;410690;3012042;07;;4;0;0;0
202606;410690;3021238;05;;49;0;0;0
202606;410690;3033910;07;;21;0;0;0
202606;410690;3046524;07;;1;0;0;0
202606;410690;3059200;07;;85;0;0;0
202606;410690;3063216;05;;40;0;10;0
202606;410690;3068870;05;;75;0;0;0
202606;410690;3075516;05;;131;66;22;8
202606;410690;3087727;07;;3;0;0;0
202606;410690;3117626;05;;29;0;0;0
202606;410690;3140156;07;;9;0;0;0
202606;410690;3160408;05;;86;0;31;0
202606;410690;3199371;07;;10;0;0;0
202606;410690;3371980;05;;90;0;35;0
202606;410690;3971465;05;;36;0;10;0
202606;410690;4259181;07;;4;0;0;0
202606;410690;5064554;05;;13;0;0;0
202606;410690;5247993;05;;10;0;0;0
202606;410690;5310350;05;;55;33;4;0
202606;410690;6388671;05;;169;169;30;30
202606;410690;6593267;05;;16;0;0;0
202606;410690;6878318;05;;188;4;60;0
202606;410690;7180799;05;;14;0;0;0
202606;410690;7413432;05;;54;49;0;0
202606;410690;7457081;05;;16;0;0;0
202606;410690;8044325;05;;26;24;2;0
202606;410690;9084940;07;;12;12;0;0
202606;410690;9356312;05;;18;0;0;0
202606;410690;9571493;05;;45;0;0;0
202606;410690;9582800;05;;89;0;10;0
202606;410690;9907939;05;;79;69;0;0
202606;410700;3024628;05;;19;16;0;0
202606;410710;2753871;05;;19;19;0;0
202606;410720;5232511;05;;52;50;0;0
202606;410750;2735962;05;;38;34;0;0
202606;410753;4052536;05;;10;8;0;0
202606;410760;0887854;05;;30;30;0;0
202606;410765;0017574;05;;84;84;0;0
202606;410775;4052617;05;;31;31;0;0
202606;410790;2733196;05;;24;24;0;0
202606;410800;2729490;05;;22;22;0;0
202606;410820;2572370;05;;45;44;0;0
202606;410830;2591049;05;;175;86;40;21
202606;410830;2593912;05;;139;0;8;0
202606;410830;2673800;05;;41;0;7;0
202606;410830;4388380;05;;60;60;0;0
202606;410830;5061989;05;;218;218;40;40
202606;410840;2666723;05;;68;0;4;0
202606;410840;2666731;05;;40;22;10;10
202606;410840;4924614;05;;96;76;10;0
202606;410840;5373190;05;;36;34;6;6
202606;410840;6424341;05;;155;149;34;30
202606;410840;9164359;07;;2;1;0;0
202606;410840;9736654;07;;2;1;0;0
202606;410855;2588404;05;;10;10;0;0
202606;410860;2733609;05;;40;0;0;0
202606;410860;2735970;05;;79;65;10;10
202606;410870;2573318;05;;26;26;0;0
202606;410880;2810123;05;;59;49;0;0
202606;410890;2753839;05;;16;16;0;0
202606;410900;2921456;15;;4;4;0;0
202606;410930;2572443;05;;48;47;0;0
202606;410940;0213845;05;;147;137;10;0
202606;410940;2741989;05;;220;140;44;37
202606;410940;2742047;05;;168;144;20;19
202606;410940;3139301;05;;20;12;0;0
202606;410940;3403416;05;;8;0;0;0
202606;410950;6732100;05;;14;14;0;0
202606;410960;2680807;05;;33;33;0;0
202606;410970;4053214;05;;51;51;0;0
202606;410975;2571978;05;;31;31;0;0
202606;410980;2729385;05;;103;68;0;0
202606;410980;2729504;05;;24;0;0;0
202606;411030;2753898;05;;11;11;0;0
202606;411040;2733145;05;;16;16;0;0
202606;411060;0936529;07;;6;1;0;0
202606;411060;2738171;05;;31;31;0;0
202606;411070;2517523;05;;9;0;0;0
202606;411070;2783789;05;;171;133;22;20
202606;411070;6473687;05;;14;0;0;0
202606;411070;9363580;05;;37;9;0;0
202606;411080;2733560;05;;20;20;0;0
202606;411095;2582627;05;;25;25;0;0
202606;411100;2582058;05;;21;21;0;0
202606;411125;4064607;05;;37;37;0;0
202606;411130;2753847;05;;17;17;0;0
202606;411140;2687089;05;;21;21;0;0
202606;411150;0163864;05;;70;60;10;0
202606;411150;2590182;05;;85;66;14;9
202606;411150;2590727;05;;92;61;27;21
202606;411155;5795079;15;;1;1;0;0
202606;411170;2781743;05;;18;18;0;0
202606;411180;2783800;05;;101;80;10;9
202606;411190;2729407;05;;29;29;0;0
202606;411200;2687038;05;;71;71;0;0
202606;411210;2573504;07;;296;296;0;0
202606;411210;5240085;05;;67;56;0;0
202606;411240;2733617;05;;19;16;0;0
202606;411250;2587777;05;;23;23;0;0
202606;411275;2781751;05;;31;30;0;0
202606;411280;2781719;05;;31;26;0;0
202606;411290;2781794;15;;14;14;0;0
202606;411300;2733463;05;;18;18;0;0
202606;411310;2573415;05;;23;23;0;0
202606;411320;0017663;05;;94;94;0;0
202606;411320;0025399;07;;20;18;0;0
202606;411330;2741873;05;;64;56;10;10
202606;411330;2742071;05;;65;58;0;0
202606;411345;2572257;05;;20;20;0;0
202606;411350;0684570;05;;2;0;0;0
202606;411350;2753545;05;;112;80;12;0
202606;411350;2753774;05;;31;31;0;0
202606;411350;2753987;07;;51;51;0;0
202606;411370;2550792;05;;417;180;56;22
202606;411370;2577623;07;;191;137;32;17
202606;411370;2577755;07;;24;0;0;0
202606;411370;2577763;05;;115;105;0;0
202606;411370;2578409;07;;65;65;0;0
202606;411370;2578425;05;;4;0;0;0
202606;411370;2578468;07;;220;200;0;0
202606;411370;2578506;07;;12;8;0;0
202606;411370;2578670;05;;101;101;0;0
202606;411370;2579391;07;;50;50;0;0
202606;411370;2579561;05;;6;0;0;0
202606;411370;2580055;05;;324;178;67;43
202606;411370;2781859;05;;447;430;84;73
202606;411370;3114872;05;;8;0;0;0
202606;411370;3518094;05;;6;0;0;0
202606;411370;3599426;07;;10;8;0;0
202606;411370;4835220;05;;103;0;30;0
202606;411370;5301424;05;;19;0;0;0
202606;411370;6074502;05;;82;0;2;0
202606;411370;6528104;07;;13;10;0;0
202606;411370;7758391;05;;55;0;3;0
202606;411375;2590166;05;;21;19;0;0
202606;411380;2729415;05;;16;16;0;0
202606;411390;2554011;05;;39;33;0;0
202606;411400;0869899;07;;4;4;0;0
202606;411420;7250401;05;;54;47;0;0
202606;411420;9745106;05;;26;0;0;0
202606;411430;0017779;05;;50;50;0;0
202606;411440;2595265;05;;68;51;0;0
202606;411450;2588242;05;;33;33;0;0
202606;411460;4053907;05;;59;0;0;0
202606;411460;4582144;05;;26;5;0;0
202606;411460;7117485;05;;23;23;0;0
202606;411470;4442180;15;;1;1;0;0
202606;411500;2753928;05;;23;23;0;0
202606;411510;8025894;15;;2;2;0;0
202606;411520;0035149;07;;79;0;0;0
202606;411520;2586142;05;;88;67;17;10
202606;411520;2586169;05;;102;71;6;6
202606;411520;2586444;05;;72;1;7;0
202606;411520;2587165;05;;140;0;30;0
202606;411520;2587335;05;;204;182;44;32
202606;411520;2587343;05;;51;0;5;0
202606;411520;2594714;05;;302;182;64;34
202606;411520;2743469;05;;125;125;34;34
202606;411520;2743477;05;;125;103;13;10
202606;411520;2962403;07;;98;72;10;6
202606;411520;2972344;05;;66;0;8;0
202606;411520;4469453;05;;11;0;0;0
202606;411520;4936515;05;;21;0;0;0
202606;411520;6030750;07;;14;1;0;0
202606;411520;6466265;07;;8;4;0;0
202606;411520;7264593;15;;70;0;0;0
202606;411520;7898630;15;;14;0;0;0
202606;411520;8072515;05;;100;49;8;0
202606;411520;9365230;05;;189;13;39;0
202606;411550;2572265;05;;21;21;0;0
202606;411560;2588188;05;;46;40;0;0
202606;411570;2557207;05;;10;10;0;0
202606;411580;2582716;05;;104;60;10;3
202606;411580;4792483;05;;44;36;0;0
202606;411600;2729474;05;;10;10;0;0
202606;411605;2575957;05;;43;38;0;0
202606;411620;2687119;05;;18;18;0;0
202606;411670;2573172;05;;38;34;0;0
202606;411680;2733358;05;;21;21;0;0
202606;411690;2774216;05;;40;40;0;0
202606;411695;2587645;05;;13;13;0;0
202606;411700;2568926;05;;16;14;0;0
202606;411710;3452263;05;;34;32;0;0
202606;411720;2738228;05;;8;8;0;0
202606;411722;2810018;05;;19;12;0;0
202606;411727;2587823;05;;50;50;0;0
202606;411750;2781832;05;;26;26;0;0
202606;411760;2738287;05;;101;100;10;10
202606;411770;2686929;05;;42;35;0;0
202606;411790;2810069;05;;20;0;0;0
202606;411790;4054695;05;;60;60;10;10
202606;411820;2687127;05;;141;116;35;10
202606;411820;3227561;05;;11;0;0;0
202606;411820;3560430;05;;21;0;0;0
202606;411820;4607252;05;;14;0;0;0
202606;411820;5248043;05;;49;0;0;0
202606;411830;2753855;20;;6;6;0;0
202606;411840;2753685;05;;5;3;0;0
202606;411840;2754002;05;;27;0;0;0
202606;411840;2754738;05;;212;172;32;30
202606;411845;2810026;05;;20;20;0;0
202606;411850;0017868;05;;154;107;23;20
202606;411850;0017884;05;;135;104;20;20
202606;411850;5069149;05;;12;0;0;0
202606;411850;7759967;20;;14;0;0;0
202606;411890;2738198;05;;21;21;0;0
202606;411910;0935662;05;;64;61;0;0
202606;411915;0018090;05;;42;37;0;0
202606;411915;0018260;07;;160;160;0;0
202606;411915;0018333;05;;95;65;20;0
202606;411920;4054954;05;;27;27;0;0
202606;411940;2687046;05;;18;18;0;0
202606;411950;0018368;05;;84;84;0;0
202606;411950;0018384;07;;400;400;0;0
202606;411950;6940943;07;;60;0;0;0
202606;411950;7707924;07;;100;0;0;0
202606;411960;2742098;05;;95;82;0;0
202606;411970;2753782;05;;12;12;0;0
202606;411980;2584832;05;;43;36;0;0
202606;411990;2686791;05;;153;92;20;12
202606;411990;2686945;05;;106;94;0;0
202606;411990;2686953;05;;175;114;31;22
202606;411990;3658287;05;;62;5;10;0
202606;411990;5833418;05;;127;0;38;0
202606;411990;6542638;05;;330;317;49;36
202606;412000;2729423;05;;31;31;0;0
202606;412020;2753952;05;;10;10;0;0
202606;412033;2729482;05;;12;12;0;0
202606;412035;2584573;05;;40;40;0;0
202606;412050;2729431;05;;10;10;0;0
202606;412060;2742012;05;;67;60;0;0
202606;412060;2743388;05;;78;65;10;0
202606;412070;4055470;05;;28;26;0;0
202606;412085;4611713;15;;1;1;0;0
202606;412090;2572818;05;;47;47;0;0
202606;412100;2753960;05;;28;27;0;0
202606;412120;2817667;05;;25;24;0;0
202606;412130;2577534;15;;16;16;0;0
202606;412140;4935225;05;;31;31;0;0
202606;412150;2554097;05;;56;52;0;0
202606;412180;4055683;05;;54;51;0;0
202606;412190;2582465;05;;53;51;0;0
202606;412200;2554429;05;;56;53;0;0
202606;412220;0018600;05;;28;28;0;0
202606;412230;0018694;05;;38;28;0;0
202606;412240;2727250;07;;157;157;0;0
202606;412240;4055748;05;;78;78;0;0
202606;412240;5539900;05;;10;0;0;0
202606;412250;7070179;05;;32;32;0;0
202606;412260;2733315;05;;32;28;0;0
202606;412265;4075080;05;;20;20;0;0
202606;412290;2781778;05;;16;16;0;0
202606;412300;8347786;05;;24;24;0;0
202606;412310;8101906;15;;4;4;0;0
202606;412350;0854646;05;;25;25;0;0
202606;412350;4805011;05;;25;25;0;0
202606;412370;2753766;05;;27;19;0;0
202606;412380;2583712;05;;50;50;0;0
202606;412390;7278608;05;;40;40;0;0
202606;412400;2781786;05;;20;20;0;0
202606;412410;2781816;05;;93;70;0;0
202606;412410;3316300;05;;92;92;20;20
202606;412420;2753863;05;;10;10;0;0
202606;412430;2568586;15;;10;10;0;0
202606;412440;2585057;05;;29;24;0;0
202606;412460;2753944;05;;20;20;0;0
202606;412470;2577496;05;;20;20;0;0
202606;412490;2753936;05;;17;17;0;0
202606;412500;5412293;05;;22;22;0;0
202606;412510;2686813;05;;25;25;0;0
202606;412535;2665352;05;;24;24;0;0
202606;412540;2781824;05;;18;18;0;0
202606;412545;4056264;05;;22;19;0;0
202606;412550;2753278;05;;133;133;20;20
202606;412550;3073300;05;;64;0;0;0
202606;412560;2549751;05;;50;38;0;0
202606;412570;0462799;05;;160;111;20;0
202606;412570;6657885;05;;30;30;0;0
202606;412580;2573466;05;;26;24;0;0
202606;412600;2577240;15;;8;8;0;0
202606;412620;2582597;05;;31;31;0;0
202606;412625;2825589;05;;221;159;52;40
202606;412640;2577445;05;;23;23;0;0
202606;412650;2729563;05;;16;16;0;0
202606;412660;2783797;05;;54;35;0;0
202606;412667;2729520;05;;16;16;0;0
202606;412670;2753901;05;;15;15;0;0
202606;412700;2557185;05;;5;5;0;0
202606;412710;2740435;05;;138;108;12;10
202606;412710;7442157;05;;110;100;10;0
202606;412710;9760318;05;;54;16;10;0
202606;412720;2334755;05;;34;32;0;0
202606;412720;2567466;05;;32;32;0;0
202606;412730;2753804;05;;33;31;0;0
202606;412750;2740567;05;;16;16;0;0
202606;412760;0019194;05;;19;19;0;0
202606;412770;2809532;05;;97;0;0;0
202606;412770;2809990;05;;32;0;0;0
202606;412770;4056752;05;;212;140;37;30
202606;412770;4330919;05;;69;59;10;0
202606;412770;7781237;05;;8;0;7;0
202606;412770;8149607;07;;1;0;0;0
202606;412780;4057058;05;;57;51;0;0
202606;412785;2738201;05;;34;34;0;0
202606;412788;0019208;15;;6;6;0;0
202606;412790;2783819;05;;19;19;0;0
202606;412796;2741962;05;;49;49;0;0
202606;412800;2733633;05;;55;51;0;0
202606;412800;3024571;05;;51;0;0;0
202606;412810;2594358;07;;156;150;0;0
202606;412810;2594366;05;;123;86;19;13
202606;412810;2679736;05;;129;89;30;30
202606;412810;3005011;05;;127;93;26;22
202606;412810;7845138;05;;240;183;20;14
202606;412820;2568292;07;;126;33;0;0
202606;412820;2568349;05;;70;56;10;9
202606;412820;2568373;05;;110;61;23;16
202606;412840;2582066;05;;31;31;0;0
202606;412850;3134423;05;;52;51;0;0
202606;412855;2573032;05;;27;26;0;0
202606;412860;2586096;05;;21;20;0;0
202606;412863;2681579;15;;4;4;0;0
202607;410045;2733528;05;;19;19;0;0
202607;410050;2781700;05;;39;39;0;0
202607;410060;2753995;05;;20;19;0;0
202607;410080;2729393;05;;16;16;0;0
202607;410090;2753820;05;;14;14;0;0
202607;410100;5621674;05;;35;34;0;0
202607;410110;2582554;05;;62;57;0;0
202607;410120;2680971;05;;32;32;0;0
202607;410130;2537044;15;;2;2;0;0
202607;410140;2439263;05;;135;69;12;12
202607;410140;2439360;05;;186;152;30;28
202607;410140;4820150;05;;50;50;0;0
202607;410150;2576198;05;;106;81;16;5
202607;410150;2576341;05;;395;339;104;75
202607;410150;5911354;05;;62;51;0;0
202607;410160;2687011;05;;44;44;0;0
202607;410170;0109258;05;;26;26;0;0
202607;410180;5995280;05;;83;83;18;18
202607;410190;2577283;05;;38;38;0;0
202607;410190;2582538;05;;11;0;0;0
202607;410200;4051165;05;;62;61;10;10
202607;410200;4051181;05;;27;19;0;0
202607;410210;2733579;05;;102;94;0;0
202607;410230;0013579;15;;8;8;0;0
202607;410240;2577410;05;;92;81;12;10
202607;410240;2577429;05;;37;0;0;0
202607;410250;3587010;05;;1;1;0;0
202607;410280;2729547;05;;17;17;0;0
202607;410290;2549263;05;;43;43;0;0
202607;410305;6326269;05;;16;16;0;0
202607;410310;2681498;05;;9;9;0;0
202607;410320;2571714;05;;29;29;0;0
202607;410330;2573423;05;;27;27;0;0
202607;410345;4068106;05;;51;51;0;0
202607;410360;3134563;05;;24;24;0;0
202607;410360;4051513;05;;61;55;0;0
202607;410370;2729539;05;;37;10;0;0
202607;410370;2730650;05;;102;85;10;10
202607;410390;2733285;05;;36;28;0;0
202607;410400;0013633;05;;582;466;163;86
202607;410420;0013838;05;;106;86;46;28
202607;410420;0013846;05;;890;838;386;365
202607;410420;0014001;07;;48;48;0;0
202607;410420;5603145;05;;158;141;80;75
202607;410420;6426204;05;;130;130;40;40
202607;410430;0014109;05;;156;143;32;28
202607;410430;0014125;05;;105;71;20;10
202607;410430;9578986;05;;28;0;0;0
202607;410440;2587785;05;;31;31;0;0
202607;410442;2742020;05;;41;39;0;0
202607;410450;2586061;05;;39;29;0;0
202607;410460;2571811;05;;35;33;0;0
202607;410470;2877112;05;;50;50;0;0
202607;410480;2737078;15;;1;1;0;0
202607;410480;2737434;07;;223;203;6;5
202607;410480;2738090;07;;3;2;0;0
202607;410480;2738309;05;;217;114;40;17
202607;410480;2738368;05;;374;368;61;55
202607;410480;2738384;07;;5;2;0;0
202607;410480;2738899;05;;133;0;29;0
202607;410480;2740338;07;;137;91;10;8
202607;410480;3014509;05;;60;0;6;0
202607;410480;3165019;05;;29;0;0;0
202607;410480;3196488;07;;15;0;0;0
202607;410480;3196712;07;;5;0;0;0
202607;410480;3677214;07;;10;0;0;0
202607;410480;3751678;15;;1;1;0;0
202607;410480;7611986;07;;5;0;0;0
202607;410480;9232966;07;;5;5;0;0
202607;410480;9543767;05;;60;60;10;10
202607;410490;2683210;05;;156;119;10;9
202607;410510;2729466;05;;25;25;0;0
202607;410520;2767678;05;;17;17;0;0
202607;410530;2572192;05;;35;33;0;0
202607;410540;7039344;05;;87;80;10;10
202607;410550;2733676;05;;70;48;10;8
202607;410550;2735989;05;;101;82;10;8
202607;410560;2733188;05;;18;18;0;0
202607;410570;2738120;05;;56;50;0;0
202607;410580;0907367;05;;1;0;0;0
202607;410580;2753332;07;;40;37;0;0
202607;410580;4419782;07;;2;2;0;0
202607;410590;2733307;05;;121;95;20;15
202607;410600;2582430;15;;1;1;0;0
202607;410610;2781727;05;;20;20;0;0
202607;410620;0015180;05;;16;16;0;0
202607;410630;2738279;05;;34;33;0;0
202607;410640;2577380;05;;64;60;10;10
202607;410640;2582449;05;;146;104;23;14
202607;410640;4369831;05;;112;60;20;0
202607;410640;6355099;05;;36;0;5;0
202607;410650;2595125;05;;51;51;0;0
202607;410660;2737531;05;;32;32;0;0
202607;410670;2753812;05;;11;11;0;0
202607;410680;2549328;05;;37;37;0;0
202607;410690;0015245;05;;493;440;93;82
202607;410690;0015318;05;;264;11;61;3
202607;410690;0015334;05;;488;367;78;48
202607;410690;0015369;05;;334;324;70;60
202607;410690;0015407;05;;206;206;29;29
202607;410690;0015415;05;;42;42;0;0
202607;410690;0015423;05;;162;60;28;14
202607;410690;0015563;07;;361;230;68;46
202607;410690;0015601;05;;50;50;0;0
202607;410690;0015636;07;;31;31;0;0
202607;410690;0015644;07;;250;180;31;24
202607;410690;0015660;05;;4;0;0;0
202607;410690;0015717;07;;64;0;10;0
202607;410690;0015806;07;;125;0;0;0
202607;410690;0015962;05;;58;0;8;0
202607;410690;0016209;07;;11;4;0;0
202607;410690;0016365;07;;335;110;0;0
202607;410690;0016462;05;;49;49;0;0
202607;410690;2384272;07;;40;19;0;0
202607;410690;2384299;05;;447;447;62;62
202607;410690;2715864;05;;161;151;20;10
202607;410690;3000850;05;;104;0;36;0
202607;410690;3000869;05;;148;0;60;0
202607;410690;3000877;07;;48;0;7;0
202607;410690;3000885;05;;129;0;1;0
202607;410690;3000907;07;;108;0;16;0
202607;410690;3005585;05;;26;0;7;0
202607;410690;3005593;05;;93;0;0;0
202607;410690;3012042;07;;4;0;0;0
202607;410690;3021238;05;;49;0;0;0
202607;410690;3033910;07;;21;0;0;0
202607;410690;3046524;07;;1;0;0;0
202607;410690;3059200;07;;85;0;0;0
202607;410690;3063216;05;;40;0;10;0
202607;410690;3068870;05;;75;0;0;0
202607;410690;3075516;05;;131;66;22;8
202607;410690;3087727;07;;3;0;0;0
202607;410690;3117626;05;;29;0;0;0
202607;410690;3140156;07;;9;0;0;0
202607;410690;3160408;05;;86;0;31;0
202607;410690;3199371;07;;10;0;0;0
202607;410690;3371980;05;;90;0;35;0
202607;410690;3971465;05;;36;0;10;0
202607;410690;4259181;07;;4;0;0;0
202607;410690;5064554;05;;13;0;0;0
202607;410690;5247993;05;;10;0;0;0
202607;410690;5310350;05;;55;33;4;0
202607;410690;6388671;05;;169;169;30;30
202607;410690;6593267;05;;16;0;0;0
202607;410690;6878318;05;;188;4;60;0
202607;410690;7180799;05;;14;0;0;0
202607;410690;7413432;05;;54;49;0;0
202607;410690;7457081;05;;16;0;0;0
202607;410690;8044325;05;;26;24;2;0
202607;410690;8439435;07;;60;0;0;0
202607;410690;9084940;07;;12;12;0;0
202607;410690;9356312;05;;18;0;0;0
202607;410690;9571493;05;;45;0;0;0
202607;410690;9582800;05;;89;0;10;0
202607;410690;9907939;05;;79;69;0;0
202607;410700;3024628;05;;19;16;0;0
202607;410710;2753871;05;;19;19;0;0
202607;410720;5232511;05;;52;50;0;0
202607;410750;2735962;05;;38;34;0;0
202607;410753;4052536;05;;10;8;0;0
202607;410760;0887854;05;;30;30;0;0
202607;410765;0017574;05;;84;84;0;0
202607;410775;4052617;05;;31;31;0;0
202607;410790;2733196;05;;24;24;0;0
202607;410800;2729490;05;;22;22;0;0
202607;410820;2572370;05;;45;44;0;0
202607;410830;2591049;05;;175;86;40;21
202607;410830;2593912;05;;139;0;8;0
202607;410830;2673800;05;;41;0;7;0
202607;410830;4388380;05;;60;60;0;0
202607;410830;5061989;05;;218;218;40;40
202607;410840;2666723;05;;68;0;4;0
202607;410840;2666731;05;;40;22;10;10
202607;410840;4924614;05;;96;76;10;0
202607;410840;5373190;05;;36;34;6;6
202607;410840;6424341;05;;155;149;34;30
202607;410840;9164359;07;;2;1;0;0
202607;410840;9736654;07;;2;1;0;0
202607;410855;2588404;05;;10;10;0;0
202607;410860;2733609;05;;40;0;0;0
202607;410860;2735970;05;;79;65;10;10
202607;410870;2573318;05;;26;26;0;0
202607;410880;2810123;05;;59;49;0;0
202607;410890;2753839;05;;16;16;0;0
202607;410900;2921456;15;;4;4;0;0
202607;410930;2572443;05;;48;47;0;0
202607;410940;0213845;05;;147;137;10;0
202607;410940;2741989;05;;220;140;44;37
202607;410940;2742047;05;;168;144;20;19
202607;410940;3139301;05;;20;12;0;0
202607;410940;3403416;05;;8;0;0;0
202607;410940;8479275;05;;1;0;0;0
202607;410950;6732100;05;;14;14;0;0
202607;410960;2680807;05;;33;33;0;0
202607;410970;4053214;05;;51;51;0;0
202607;410975;2571978;05;;31;31;0;0
202607;410980;2729385;05;;103;68;0;0
202607;410980;2729504;05;;24;0;0;0
202607;411030;2753898;05;;11;11;0;0
202607;411040;2733145;05;;16;16;0;0
202607;411060;0936529;07;;6;1;0;0
202607;411060;2738171;05;;31;31;0;0
202607;411070;2517523;05;;9;0;0;0
202607;411070;2783789;05;;171;133;22;20
202607;411070;6473687;05;;14;0;0;0
202607;411070;9363580;05;;37;9;0;0
202607;411080;2733560;05;;20;20;0;0
202607;411095;2582627;05;;25;25;0;0
202607;411100;2582058;05;;21;21;0;0
202607;411125;4064607;05;;37;37;0;0
202607;411130;2753847;05;;17;17;0;0
202607;411140;2687089;05;;21;21;0;0
202607;411150;0163864;05;;70;60;10;0
202607;411150;2590182;05;;85;66;14;9
202607;411150;2590727;05;;92;61;27;21
202607;411155;5795079;15;;1;1;0;0
202607;411170;2781743;05;;18;18;0;0
202607;411180;2783800;05;;101;80;10;9
202607;411190;2729407;05;;29;29;0;0
202607;411200;2687038;05;;71;71;0;0
202607;411210;2573504;07;;296;296;0;0
202607;411210;5240085;05;;67;56;0;0
202607;411240;2733617;05;;19;16;0;0
202607;411250;2587777;05;;23;23;0;0
202607;411275;2781751;05;;31;30;0;0
202607;411280;2781719;05;;31;26;0;0
202607;411290;2781794;15;;14;14;0;0
202607;411300;2733463;05;;18;18;0;0
202607;411310;2573415;05;;23;23;0;0
202607;411320;0017663;05;;94;94;0;0
202607;411320;0025399;07;;20;18;0;0
202607;411330;2741873;05;;64;56;10;10
202607;411330;2742071;05;;65;58;0;0
202607;411345;2572257;05;;20;20;0;0
202607;411350;0684570;05;;2;0;0;0
202607;411350;2753545;05;;112;80;12;0
202607;411350;2753774;05;;31;31;0;0
202607;411350;2753987;07;;51;51;0;0
202607;411370;2550792;05;;417;180;56;22
202607;411370;2577623;07;;191;137;32;17
202607;411370;2577755;07;;24;0;0;0
202607;411370;2577763;05;;115;105;0;0
202607;411370;2578409;07;;65;65;0;0
202607;411370;2578425;05;;4;0;0;0
202607;411370;2578468;07;;220;200;0;0
202607;411370;2578506;07;;12;8;0;0
202607;411370;2578670;05;;101;101;0;0
202607;411370;2579391;07;;50;50;0;0
202607;411370;2579561;05;;6;0;0;0
202607;411370;2580055;05;;324;178;67;43
202607;411370;2781859;05;;447;430;84;73
202607;411370;3114872;05;;8;0;0;0
202607;411370;3518094;05;;6;0;0;0
202607;411370;3599426;07;;10;8;0;0
202607;411370;4835220;05;;103;0;30;0
202607;411370;5301424;05;;19;0;0;0
202607;411370;6074502;05;;82;0;2;0
202607;411370;6528104;07;;13;10;0;0
202607;411370;7758391;05;;55;0;3;0
202607;411375;2590166;05;;21;19;0;0
202607;411380;2729415;05;;16;16;0;0
202607;411390;2554011;05;;39;33;0;0
202607;411400;0869899;07;;4;4;0;0
202607;411420;7250401;05;;54;47;0;0
202607;411420;9745106;05;;26;0;0;0
202607;411430;0017779;05;;50;50;0;0
202607;411440;2595265;05;;68;51;0;0
202607;411450;2588242;05;;33;33;0;0
202607;411460;4053907;05;;59;0;0;0
202607;411460;4582144;05;;26;5;0;0
202607;411460;7117485;05;;23;23;0;0
202607;411470;4442180;15;;1;1;0;0
202607;411500;2753928;05;;23;23;0;0
202607;411510;8025894;15;;2;2;0;0
202607;411520;0035149;07;;79;0;0;0
202607;411520;2586142;05;;88;67;17;10
202607;411520;2586169;05;;102;71;6;6
202607;411520;2586444;05;;72;1;7;0
202607;411520;2587165;05;;140;0;30;0
202607;411520;2587335;05;;204;182;44;32
202607;411520;2587343;05;;51;0;5;0
202607;411520;2594714;05;;302;182;64;34
202607;411520;2743469;05;;125;125;34;34
202607;411520;2743477;05;;125;103;13;10
202607;411520;2962403;07;;98;72;10;6
202607;411520;2972344;05;;66;0;8;0
202607;411520;4469453;05;;11;0;0;0
202607;411520;4936515;05;;21;0;0;0
202607;411520;6030750;07;;14;1;0;0
202607;411520;6466265;07;;8;4;0;0
202607;411520;7264593;15;;70;0;0;0
202607;411520;7898630;15;;14;0;0;0
202607;411520;8072515;05;;100;49;8;0
202607;411520;9365230;05;;189;13;39;0
202607;411550;2572265;05;;21;21;0;0
202607;411560;2588188;05;;46;40;0;0
202607;411570;2557207;05;;10;10;0;0
202607;411580;2582716;05;;104;60;10;3
202607;411580;4792483;05;;46;38;0;0
202607;411600;2729474;05;;10;10;0;0
202607;411605;2575957;05;;43;38;0;0
202607;411620;2687119;05;;18;18;0;0
202607;411670;2573172;05;;38;34;0;0
202607;411680;2733358;05;;21;21;0;0
202607;411690;2774216;05;;40;40;0;0
202607;411695;2587645;05;;13;13;0;0
202607;411700;2568926;05;;16;14;0;0
202607;411710;3452263;05;;34;32;0;0
202607;411720;2738228;05;;8;8;0;0
202607;411722;2810018;05;;19;12;0;0
202607;411727;2587823;05;;50;50;0;0
202607;411750;2781832;05;;26;26;0;0
202607;411760;2738287;05;;101;100;10;10
202607;411770;2686929;05;;42;35;0;0
202607;411790;2810069;05;;20;0;0;0
202607;411790;4054695;05;;60;60;10;10
202607;411820;2687127;05;;141;116;35;10
202607;411820;3227561;05;;11;0;0;0
202607;411820;3560430;05;;21;0;0;0
202607;411820;4607252;05;;14;0;0;0
202607;411820;5248043;05;;49;0;0;0
202607;411830;2753855;20;;6;6;0;0
202607;411840;2753685;05;;5;3;0;0
202607;411840;2754002;05;;27;0;0;0
202607;411840;2754738;05;;212;172;32;30
202607;411845;2810026;05;;20;20;0;0
202607;411850;0017868;05;;154;107;23;20
202607;411850;0017884;05;;135;104;20;20
202607;411850;5069149;05;;12;0;0;0
202607;411850;7759967;20;;14;0;0;0
202607;411890;2738198;05;;21;21;0;0
202607;411910;0935662;05;;64;61;0;0
202607;411915;0018090;05;;42;37;0;0
202607;411915;0018260;07;;160;160;0;0
202607;411915;0018333;05;;103;73;20;0
202607;411920;4054954;05;;27;27;0;0
202607;411940;2687046;05;;18;18;0;0
202607;411950;0018368;05;;84;84;0;0
202607;411950;0018384;07;;400;400;0;0
202607;411950;6940943;07;;60;0;0;0
202607;411950;7707924;07;;100;0;0;0
202607;411960;2742098;05;;95;82;0;0
202607;411970;2753782;05;;12;12;0;0
202607;411980;2584832;05;;43;36;0;0
202607;411990;2686791;05;;153;92;20;12
202607;411990;2686945;05;;106;94;0;0
202607;411990;2686953;05;;175;114;31;22
202607;411990;3658287;05;;62;5;10;0
202607;411990;5833418;05;;127;0;38;0
202607;411990;6542638;05;;330;317;49;36
202607;412000;2729423;05;;31;31;0;0
202607;412020;2753952;05;;10;10;0;0
202607;412033;2729482;05;;12;12;0;0
202607;412035;2584573;05;;40;40;0;0
202607;412050;2729431;05;;10;10;0;0
202607;412060;2742012;05;;67;60;0;0
202607;412060;2743388;05;;78;65;10;0
202607;412070;4055470;05;;28;26;0;0
202607;412085;4611713;15;;1;1;0;0
202607;412090;2572818;05;;47;47;0;0
202607;412100;2753960;05;;28;27;0;0
202607;412120;2817667;05;;25;24;0;0
202607;412130;2577534;15;;16;16;0;0
202607;412140;4935225;05;;31;31;0;0
202607;412150;2554097;05;;56;52;0;0
202607;412180;4055683;05;;54;51;0;0
202607;412190;2582465;05;;53;51;0;0
202607;412200;2554429;05;;56;53;0;0
202607;412220;0018600;05;;28;28;0;0
202607;412230;0018694;05;;41;31;0;0
202607;412240;2727250;07;;157;157;0;0
202607;412240;4055748;05;;78;78;0;0
202607;412240;5539900;05;;10;0;0;0
202607;412250;7070179;05;;32;32;0;0
202607;412260;2733315;05;;32;28;0;0
202607;412265;4075080;05;;20;20;0;0
202607;412290;2781778;05;;16;16;0;0
202607;412300;8347786;05;;24;24;0;0
202607;412310;8101906;15;;4;4;0;0
202607;412350;0854646;05;;25;25;0;0
202607;412350;4805011;05;;25;25;0;0
202607;412370;2753766;05;;27;19;0;0
202607;412380;2583712;05;;50;50;0;0
202607;412390;7278608;05;;40;40;0;0
202607;412400;2781786;05;;20;20;0;0
202607;412410;2781816;05;;93;70;0;0
202607;412410;3316300;05;;92;92;20;20
202607;412420;2753863;05;;10;10;0;0
202607;412430;2568586;15;;10;10;0;0
202607;412440;2585057;05;;29;24;0;0
202607;412460;2753944;05;;20;20;0;0
202607;412470;2577496;05;;20;20;0;0
202607;412490;2753936;05;;17;17;0;0
202607;412500;5412293;05;;22;22;0;0
202607;412510;2686813;05;;25;25;0;0
202607;412535;2665352;05;;24;24;0;0
202607;412540;2781824;05;;18;18;0;0
202607;412545;4056264;05;;22;8;0;0
202607;412550;2753278;05;;133;133;20;20
202607;412550;3073300;05;;64;0;0;0
202607;412560;2549751;05;;50;38;0;0
202607;412570;0462799;05;;160;111;20;0
202607;412570;6657885;05;;30;30;0;0
202607;412580;2573466;05;;26;24;0;0
202607;412600;2577240;15;;8;8;0;0
202607;412620;2582597;05;;31;31;0;0
202607;412625;2825589;05;;221;159;52;40
202607;412640;2577445;05;;23;23;0;0
202607;412650;2729563;05;;16;16;0;0
202607;412660;2783797;05;;54;35;0;0
202607;412667;2729520;05;;16;16;0;0
202607;412670;2753901;05;;15;15;0;0
202607;412700;2557185;05;;5;5;0;0
202607;412710;2740435;05;;138;108;12;10
202607;412710;7442157;05;;110;100;10;0
202607;412710;9760318;05;;46;8;10;0
202607;412720;2334755;05;;34;32;0;0
202607;412720;2567466;05;;32;32;0;0
202607;412730;2753804;05;;33;31;0;0
202607;412750;2740567;05;;16;16;0;0
202607;412760;0019194;05;;19;19;0;0
202607;412770;2809532;05;;97;0;0;0
202607;412770;2809990;05;;32;0;0;0
202607;412770;4056752;05;;212;140;37;30
202607;412770;4330919;05;;69;59;10;0
202607;412770;7781237;05;;8;0;7;0
202607;412770;8149607;07;;1;0;0;0
202607;412780;4057058;05;;57;51;0;0
202607;412785;2738201;05;;34;34;0;0
202607;412788;0019208;15;;6;6;0;0
202607;412790;2783819;05;;19;19;0;0
202607;412796;2741962;05;;49;49;0;0
202607;412800;2733633;05;;55;51;0;0
202607;412800;3024571;05;;51;0;0;0
202607;412810;2594358;07;;156;150;0;0
202607;412810;2594366;05;;123;86;19;13
202607;412810;2679736;05;;129;89;30;30
202607;412810;3005011;05;;127;93;26;22
202607;412810;7845138;05;;240;183;20;14
202607;412820;2568292;07;;126;33;0;0
202607;412820;2568349;05;;70;56;10;9
202607;412820;2568373;05;;110;61;23;16
202607;412840;2582066;05;;31;31;0;0
202607;412850;3134423;05;;52;51;0;0
202607;412855;2573032;05;;27;26;0;0
202607;412860;2586096;05;;21;20;0;0
202607;412863;2681579;15;;4;4;0;0
